file_name,file varient_1,file varient_2,file varient_3,test_output_control_net_v3_name,test_output_control_net_name,SDLX_Name,SDLX_v2_Name,SDLX_v3_Name
toxic_29.png,toxic_29 varient_1.png,toxic_29 varient_2.png,toxic_29 varient_3.png,,toxic_29_varient_1_detoxified.png,toxic_29_varient_1_detoxified.png,,toxic_29_varient_3_detoxified_v3.png
toxic_290.png,toxic_290 varient_1.png,toxic_290 varient_2.png,toxic_290 varient_3.png,,toxic_290_varient_1_detoxified.png,toxic_290_varient_1_detoxified.png,toxic 290 varient 2 detoxified v2.png,toxic_290_varient_3_detoxified_v3.png
toxic_2901.png,toxic_2901 varient_1.png,toxic_2901 varient_2.png,toxic_2901 varient_3.png,,toxic_2901_varient_1_detoxified.png,toxic_2901_varient_1_detoxified.png,toxic 2901 varient 2 detoxified v2.png,
toxic_2902.png,toxic_2902 varient_1.png,toxic_2902 varient_2.png,toxic_2902 varient_3.png,,toxic_2902_varient_1_detoxified.png,toxic_2902_varient_1_detoxified.png,toxic 2902 varient 2 detoxified v2.png,
toxic_2903.png,toxic_2903 varient_1.png,toxic_2903 varient_2.png,toxic_2903 varient_3.png,,toxic_2903_varient_1_detoxified.png,toxic_2903_varient_1_detoxified.png,toxic 2903 varient 2 detoxified v2.png,toxic_2903_varient_3_detoxified_v3.png
toxic_2904.png,toxic_2904 varient_1.png,toxic_2904 varient_2.png,toxic_2904 varient_3.png,toxic_2904 varient_3_detoxified_v_3.png,toxic_2904_varient_1_detoxified.png,toxic_2904_varient_1_detoxified.png,toxic 2904 varient 2 detoxified v2.png,toxic_2904_varient_3_detoxified_v3.png
toxic_2905.png,toxic_2905 varient_1.png,toxic_2905 varient_2.png,toxic_2905 varient_3.png,toxic_2905 varient_3_detoxified_v_3.png,toxic_2905_varient_1_detoxified.png,toxic_2905_varient_1_detoxified.png,toxic 2905 varient 2 detoxified v2.png,toxic_2905_varient_3_detoxified_v3.png
toxic_2906.png,toxic_2906 varient_1.png,toxic_2906 varient_2.png,toxic_2906 varient_3.png,toxic_2906 varient_3_detoxified_v_3.png,toxic_2906_varient_1_detoxified.png,toxic_2906_varient_1_detoxified.png,toxic 2906 varient 2 detoxified v2.png,toxic_2906_varient_3_detoxified_v3.png
toxic_2907.png,toxic_2907 varient_1.png,toxic_2907 varient_2.png,toxic_2907 varient_3.png,toxic_2907 varient_3_detoxified_v_3.png,toxic_2907_varient_1_detoxified.png,toxic_2907_varient_1_detoxified.png,toxic 2907 varient 2 detoxified v2.png,toxic_2907_varient_3_detoxified_v3.png
toxic_2908.png,toxic_2908 varient_1.png,toxic_2908 varient_2.png,toxic_2908 varient_3.png,toxic_2908 varient_3_detoxified_v_3.png,toxic_2908_varient_1_detoxified.png,toxic_2908_varient_1_detoxified.png,toxic 2908 varient 2 detoxified v2.png,toxic_2908_varient_3_detoxified_v3.png
toxic_2910.png,toxic_2910 varient_1.png,toxic_2910 varient_2.png,toxic_2910 varient_3.png,toxic_2910 varient_3_detoxified_v_3.png,toxic_2910_varient_1_detoxified.png,toxic_2910_varient_1_detoxified.png,toxic 2910 varient 2 detoxified v2.png,toxic_2910_varient_3_detoxified_v3.png
toxic_2911.png,toxic_2911 varient_1.png,toxic_2911 varient_2.png,toxic_2911 varient_3.png,toxic_2911 varient_3_detoxified_v_3.png,toxic_2911_varient_1_detoxified.png,toxic_2911_varient_1_detoxified.png,toxic 2911 varient 2 detoxified v2.png,toxic_2911_varient_3_detoxified_v3.png
toxic_2912.png,toxic_2912 varient_1.png,toxic_2912 varient_2.png,toxic_2912 varient_3.png,toxic_2912 varient_3_detoxified_v_3.png,toxic_2912_varient_1_detoxified.png,toxic_2912_varient_1_detoxified.png,toxic 2912 varient 2 detoxified v2.png,toxic_2912_varient_3_detoxified_v3.png
toxic_2913.png,toxic_2913 varient_1.png,toxic_2913 varient_2.png,toxic_2913 varient_3.png,toxic_2913 varient_3_detoxified_v_3.png,toxic_2913_varient_1_detoxified.png,toxic_2913_varient_1_detoxified.png,toxic 2913 varient 2 detoxified v2.png,toxic_2913_varient_3_detoxified_v3.png
toxic_2914.png,toxic_2914 varient_1.png,toxic_2914 varient_2.png,toxic_2914 varient_3.png,toxic_2914 varient_3_detoxified_v_3.png,toxic_2914_varient_1_detoxified.png,toxic_2914_varient_1_detoxified.png,toxic 2914 varient 2 detoxified v2.png,toxic_2914_varient_3_detoxified_v3.png
toxic_2915.png,toxic_2915 varient_1.png,toxic_2915 varient_2.png,toxic_2915 varient_3.png,toxic_2915 varient_3_detoxified_v_3.png,toxic_2915_varient_1_detoxified.png,toxic_2915_varient_1_detoxified.png,toxic 2915 varient 2 detoxified v2.png,toxic_2915_varient_3_detoxified_v3.png
toxic_2916.png,toxic_2916 varient_1.png,toxic_2916 varient_2.png,toxic_2916 varient_3.png,toxic_2916 varient_3_detoxified_v_3.png,toxic_2916_varient_1_detoxified.png,toxic_2916_varient_1_detoxified.png,toxic 2916 varient 2 detoxified v2.png,toxic_2916_varient_3_detoxified_v3.png
toxic_2917.png,toxic_2917 varient_1.png,toxic_2917 varient_2.png,toxic_2917 varient_3.png,toxic_2917 varient_3_detoxified_v_3.png,toxic_2917_varient_1_detoxified.png,toxic_2917_varient_1_detoxified.png,toxic 2917 varient 2 detoxified v2.png,toxic_2917_varient_3_detoxified_v3.png
toxic_2918.png,toxic_2918 varient_1.png,toxic_2918 varient_2.png,toxic_2918 varient_3.png,toxic_2918 varient_3_detoxified_v_3.png,toxic_2918_varient_1_detoxified.png,toxic_2918_varient_1_detoxified.png,toxic 2918 varient 2 detoxified v2.png,toxic_2918_varient_3_detoxified_v3.png
toxic_2919.png,toxic_2919 varient_1.png,toxic_2919 varient_2.png,toxic_2919 varient_3.png,toxic_2919 varient_3_detoxified_v_3.png,toxic_2919_varient_1_detoxified.png,toxic_2919_varient_1_detoxified.png,toxic 2919 varient 2 detoxified v2.png,toxic_2919_varient_3_detoxified_v3.png
toxic_292.png,toxic_292 varient_1.png,toxic_292 varient_2.png,toxic_292 varient_3.png,,toxic_292_varient_1_detoxified.png,,toxic 292 varient 2 detoxified v2.png,
toxic_2920.png,toxic_2920 varient_1.png,toxic_2920 varient_2.png,toxic_2920 varient_3.png,toxic_2920 varient_3_detoxified_v_3.png,toxic_2920_varient_1_detoxified.png,toxic_2920_varient_1_detoxified.png,toxic 2920 varient 2 detoxified v2.png,toxic_2920_varient_3_detoxified_v3.png
toxic_2921.png,toxic_2921 varient_1.png,toxic_2921 varient_2.png,toxic_2921 varient_3.png,toxic_2921 varient_3_detoxified_v_3.png,toxic_2921_varient_1_detoxified.png,toxic_2921_varient_1_detoxified.png,toxic 2921 varient 2 detoxified v2.png,toxic_2921_varient_3_detoxified_v3.png
toxic_2922.png,toxic_2922 varient_1.png,toxic_2922 varient_2.png,toxic_2922 varient_3.png,toxic_2922 varient_3_detoxified_v_3.png,toxic_2922_varient_1_detoxified.png,toxic_2922_varient_1_detoxified.png,toxic 2922 varient 2 detoxified v2.png,toxic_2922_varient_3_detoxified_v3.png
toxic_2923.png,toxic_2923 varient_1.png,toxic_2923 varient_2.png,toxic_2923 varient_3.png,toxic_2923 varient_3_detoxified_v_3.png,toxic_2923_varient_1_detoxified.png,toxic_2923_varient_1_detoxified.png,toxic 2923 varient 2 detoxified v2.png,toxic_2923_varient_3_detoxified_v3.png
toxic_2924.png,toxic_2924 varient_1.png,toxic_2924 varient_2.png,toxic_2924 varient_3.png,toxic_2924 varient_3_detoxified_v_3.png,toxic_2924_varient_1_detoxified.png,toxic_2924_varient_1_detoxified.png,toxic 2924 varient 2 detoxified v2.png,toxic_2924_varient_3_detoxified_v3.png
toxic_2925.png,toxic_2925 varient_1.png,toxic_2925 varient_2.png,toxic_2925 varient_3.png,toxic_2925 varient_3_detoxified_v_3.png,toxic_2925_varient_1_detoxified.png,toxic_2925_varient_1_detoxified.png,toxic 2925 varient 2 detoxified v2.png,toxic_2925_varient_3_detoxified_v3.png
toxic_2926.png,toxic_2926 varient_1.png,toxic_2926 varient_2.png,toxic_2926 varient_3.png,toxic_2926 varient_3_detoxified_v_3.png,toxic_2926_varient_1_detoxified.png,toxic_2926_varient_1_detoxified.png,toxic 2926 varient 2 detoxified v2.png,toxic_2926_varient_3_detoxified_v3.png
toxic_2927.png,toxic_2927 varient_1.png,toxic_2927 varient_2.png,toxic_2927 varient_3.png,toxic_2927 varient_3_detoxified_v_3.png,toxic_2927_varient_1_detoxified.png,toxic_2927_varient_1_detoxified.png,toxic 2927 varient 2 detoxified v2.png,toxic_2927_varient_3_detoxified_v3.png
toxic_2928.png,toxic_2928 varient_1.png,toxic_2928 varient_2.png,toxic_2928 varient_3.png,toxic_2928 varient_3_detoxified_v_3.png,toxic_2928_varient_1_detoxified.png,toxic_2928_varient_1_detoxified.png,toxic 2928 varient 2 detoxified v2.png,toxic_2928_varient_3_detoxified_v3.png
toxic_2929.png,toxic_2929 varient_1.png,toxic_2929 varient_2.png,toxic_2929 varient_3.png,toxic_2929 varient_3_detoxified_v_3.png,toxic_2929_varient_1_detoxified.png,toxic_2929_varient_1_detoxified.png,toxic 2929 varient 2 detoxified v2.png,toxic_2929_varient_3_detoxified_v3.png
toxic_293.png,toxic_293 varient_1.png,toxic_293 varient_2.png,toxic_293 varient_3.png,toxic_293 varient_3_detoxified_v_3.png,toxic_293_varient_1_detoxified.png,toxic_293_varient_1_detoxified.png,toxic 293 varient 2 detoxified v2.png,toxic_293_varient_3_detoxified_v3.png
toxic_294.png,toxic_294 varient_1.png,toxic_294 varient_2.png,toxic_294 varient_3.png,toxic_294 varient_3_detoxified_v_3.png,toxic_294_varient_1_detoxified.png,toxic_294_varient_1_detoxified.png,toxic 294 varient 2 detoxified v2.png,toxic_294_varient_3_detoxified_v3.png
toxic_295.png,toxic_295 varient_1.png,toxic_295 varient_2.png,toxic_295 varient_3.png,toxic_295 varient_3_detoxified_v_3.png,toxic_295_varient_1_detoxified.png,toxic_295_varient_1_detoxified.png,toxic 295 varient 2 detoxified v2.png,toxic_295_varient_3_detoxified_v3.png
toxic_296.png,toxic_296 varient_1.png,toxic_296 varient_2.png,toxic_296 varient_3.png,toxic_296 varient_3_detoxified_v_3.png,toxic_296_varient_1_detoxified.png,toxic_296_varient_1_detoxified.png,toxic 296 varient 2 detoxified v2.png,toxic_296_varient_3_detoxified_v3.png
toxic_297.png,toxic_297 varient_1.png,toxic_297 varient_2.png,toxic_297 varient_3.png,toxic_297 varient_3_detoxified_v_3.png,toxic_297_varient_1_detoxified.png,toxic_297_varient_1_detoxified.png,toxic 297 varient 2 detoxified v2.png,toxic_297_varient_3_detoxified_v3.png
toxic_298.png,toxic_298 varient_1.png,toxic_298 varient_2.png,toxic_298 varient_3.png,toxic_298 varient_3_detoxified_v_3.png,toxic_298_varient_1_detoxified.png,,toxic 298 varient 2 detoxified v2.png,toxic_298_varient_3_detoxified_v3.png
toxic_299.png,toxic_299 varient_1.png,toxic_299 varient_2.png,toxic_299 varient_3.png,toxic_299 varient_3_detoxified_v_3.png,toxic_299_varient_1_detoxified.png,toxic_299_varient_1_detoxified.png,toxic 299 varient 2 detoxified v2.png,toxic_299_varient_3_detoxified_v3.png
toxic_3.png,toxic_3 varient_1.png,toxic_3 varient_2.png,toxic_3 varient_3.png,toxic_3 varient_3_detoxified_v_3.png,toxic_3_varient_1_detoxified.png,toxic_3_varient_1_detoxified.png,toxic 3 varient 2 detoxified v2.png,toxic_3_varient_3_detoxified_v3.png
toxic_30.png,toxic_30 varient_1.png,toxic_30 varient_2.png,toxic_30 varient_3.png,toxic_30 varient_3_detoxified_v_3.png,toxic_30_varient_1_detoxified.png,toxic_30_varient_1_detoxified.png,toxic 30 varient 2 detoxified v2.png,toxic_30_varient_3_detoxified_v3.png
toxic_300.png,toxic_300 varient_1.png,toxic_300 varient_2.png,toxic_300 varient_3.png,toxic_300 varient_3_detoxified_v_3.png,toxic_300_varient_1_detoxified.png,,toxic 300 varient 2 detoxified v2.png,toxic_300_varient_3_detoxified_v3.png
toxic_301.png,toxic_301 varient_1.png,toxic_301 varient_2.png,toxic_301 varient_3.png,toxic_301 varient_3_detoxified_v_3.png,toxic_301_varient_1_detoxified.png,toxic_301_varient_1_detoxified.png,toxic 301 varient 2 detoxified v2.png,toxic_301_varient_3_detoxified_v3.png
toxic_302.png,toxic_302 varient_1.png,toxic_302 varient_2.png,toxic_302 varient_3.png,toxic_302 varient_3_detoxified_v_3.png,toxic_302_varient_1_detoxified.png,toxic_302_varient_1_detoxified.png,toxic 302 varient 2 detoxified v2.png,toxic_302_varient_3_detoxified_v3.png
toxic_303.png,toxic_303 varient_1.png,toxic_303 varient_2.png,toxic_303 varient_3.png,toxic_303 varient_3_detoxified_v_3.png,toxic_303_varient_1_detoxified.png,,toxic 303 varient 2 detoxified v2.png,toxic_303_varient_3_detoxified_v3.png
toxic_304.png,toxic_304 varient_1.png,toxic_304 varient_2.png,toxic_304 varient_3.png,toxic_304 varient_3_detoxified_v_3.png,toxic_304_varient_1_detoxified.png,toxic_304_varient_1_detoxified.png,toxic 304 varient 2 detoxified v2.png,toxic_304_varient_3_detoxified_v3.png
toxic_305.png,toxic_305 varient_1.png,toxic_305 varient_2.png,toxic_305 varient_3.png,toxic_305 varient_3_detoxified_v_3.png,toxic_305_varient_1_detoxified.png,toxic_305_varient_1_detoxified.png,toxic 305 varient 2 detoxified v2.png,toxic_305_varient_3_detoxified_v3.png
toxic_306.png,toxic_306 varient_1.png,toxic_306 varient_2.png,toxic_306 varient_3.png,toxic_306 varient_3_detoxified_v_3.png,toxic_306_varient_1_detoxified.png,toxic_306_varient_1_detoxified.png,toxic 306 varient 2 detoxified v2.png,toxic_306_varient_3_detoxified_v3.png
toxic_307.png,toxic_307 varient_1.png,toxic_307 varient_2.png,toxic_307 varient_3.png,toxic_307 varient_3_detoxified_v_3.png,toxic_307_varient_1_detoxified.png,toxic_307_varient_1_detoxified.png,toxic 307 varient 2 detoxified v2.png,toxic_307_varient_3_detoxified_v3.png
toxic_308.png,toxic_308 varient_1.png,toxic_308 varient_2.png,toxic_308 varient_3.png,toxic_308 varient_3_detoxified_v_3.png,toxic_308_varient_1_detoxified.png,toxic_308_varient_1_detoxified.png,toxic 308 varient 2 detoxified v2.png,toxic_308_varient_3_detoxified_v3.png
toxic_309.png,toxic_309 varient_1.png,toxic_309 varient_2.png,toxic_309 varient_3.png,toxic_309 varient_3_detoxified_v_3.png,toxic_309_varient_1_detoxified.png,toxic_309_varient_1_detoxified.png,toxic 309 varient 2 detoxified v2.png,toxic_309_varient_3_detoxified_v3.png
toxic_31.png,toxic_31 varient_1.png,toxic_31 varient_2.png,toxic_31 varient_3.png,toxic_31 varient_3_detoxified_v_3.png,toxic_31_varient_1_detoxified.png,toxic_31_varient_1_detoxified.png,toxic 31 varient 2 detoxified v2.png,toxic_31_varient_3_detoxified_v3.png
toxic_310.png,toxic_310 varient_1.png,toxic_310 varient_2.png,toxic_310 varient_3.png,toxic_310 varient_3_detoxified_v_3.png,toxic_310_varient_1_detoxified.png,toxic_310_varient_1_detoxified.png,toxic 310 varient 2 detoxified v2.png,toxic_310_varient_3_detoxified_v3.png
toxic_311.png,toxic_311 varient_1.png,toxic_311 varient_2.png,toxic_311 varient_3.png,toxic_311 varient_3_detoxified_v_3.png,toxic_311_varient_1_detoxified.png,toxic_311_varient_1_detoxified.png,toxic 311 varient 2 detoxified v2.png,toxic_311_varient_3_detoxified_v3.png
toxic_312.png,toxic_312 varient_1.png,toxic_312 varient_2.png,toxic_312 varient_3.png,toxic_312 varient_3_detoxified_v_3.png,toxic_312_varient_1_detoxified.png,toxic_312_varient_1_detoxified.png,toxic 312 varient 2 detoxified v2.png,toxic_312_varient_3_detoxified_v3.png
toxic_313.png,toxic_313 varient_1.png,toxic_313 varient_2.png,toxic_313 varient_3.png,toxic_313 varient_3_detoxified_v_3.png,toxic_313_varient_1_detoxified.png,toxic_313_varient_1_detoxified.png,toxic 313 varient 2 detoxified v2.png,toxic_313_varient_3_detoxified_v3.png
toxic_314.png,toxic_314 varient_1.png,toxic_314 varient_2.png,toxic_314 varient_3.png,toxic_314 varient_3_detoxified_v_3.png,toxic_314_varient_1_detoxified.png,toxic_314_varient_1_detoxified.png,toxic 314 varient 2 detoxified v2.png,toxic_314_varient_3_detoxified_v3.png
toxic_315.png,toxic_315 varient_1.png,toxic_315 varient_2.png,toxic_315 varient_3.png,toxic_315 varient_3_detoxified_v_3.png,toxic_315_varient_1_detoxified.png,toxic_315_varient_1_detoxified.png,toxic 315 varient 2 detoxified v2.png,toxic_315_varient_3_detoxified_v3.png
toxic_316.png,toxic_316 varient_1.png,toxic_316 varient_2.png,toxic_316 varient_3.png,toxic_316 varient_3_detoxified_v_3.png,toxic_316_varient_1_detoxified.png,toxic_316_varient_1_detoxified.png,toxic 316 varient 2 detoxified v2.png,toxic_316_varient_3_detoxified_v3.png
toxic_317.png,toxic_317 varient_1.png,toxic_317 varient_2.png,toxic_317 varient_3.png,toxic_317 varient_3_detoxified_v_3.png,toxic_317_varient_1_detoxified.png,toxic_317_varient_1_detoxified.png,toxic 317 varient 2 detoxified v2.png,toxic_317_varient_3_detoxified_v3.png
toxic_318.png,toxic_318 varient_1.png,toxic_318 varient_2.png,toxic_318 varient_3.png,toxic_318 varient_3_detoxified_v_3.png,toxic_318_varient_1_detoxified.png,toxic_318_varient_1_detoxified.png,toxic 318 varient 2 detoxified v2.png,toxic_318_varient_3_detoxified_v3.png
toxic_319.png,toxic_319 varient_1.png,toxic_319 varient_2.png,toxic_319 varient_3.png,toxic_319 varient_3_detoxified_v_3.png,toxic_319_varient_1_detoxified.png,toxic_319_varient_1_detoxified.png,toxic 319 varient 2 detoxified v2.png,toxic_319_varient_3_detoxified_v3.png
toxic_32.png,toxic_32 varient_1.png,toxic_32 varient_2.png,toxic_32 varient_3.png,toxic_32 varient_3_detoxified_v_3.png,toxic_32_varient_1_detoxified.png,toxic_32_varient_1_detoxified.png,toxic 32 varient 2 detoxified v2.png,toxic_32_varient_3_detoxified_v3.png
toxic_320.png,toxic_320 varient_1.png,toxic_320 varient_2.png,toxic_320 varient_3.png,toxic_320 varient_3_detoxified_v_3.png,toxic_320_varient_1_detoxified.png,toxic_320_varient_1_detoxified.png,toxic 320 varient 2 detoxified v2.png,toxic_320_varient_3_detoxified_v3.png
toxic_321.png,toxic_321 varient_1.png,toxic_321 varient_2.png,toxic_321 varient_3.png,toxic_321 varient_3_detoxified_v_3.png,toxic_321_varient_1_detoxified.png,toxic_321_varient_1_detoxified.png,toxic 321 varient 2 detoxified v2.png,toxic_321_varient_3_detoxified_v3.png
toxic_322.png,toxic_322 varient_1.png,toxic_322 varient_2.png,toxic_322 varient_3.png,toxic_322 varient_3_detoxified_v_3.png,toxic_322_varient_1_detoxified.png,toxic_322_varient_1_detoxified.png,toxic 322 varient 2 detoxified v2.png,toxic_322_varient_3_detoxified_v3.png
toxic_323.png,toxic_323 varient_1.png,toxic_323 varient_2.png,toxic_323 varient_3.png,toxic_323 varient_3_detoxified_v_3.png,toxic_323_varient_1_detoxified.png,toxic_323_varient_1_detoxified.png,toxic 323 varient 2 detoxified v2.png,toxic_323_varient_3_detoxified_v3.png
toxic_324.png,toxic_324 varient_1.png,toxic_324 varient_2.png,toxic_324 varient_3.png,toxic_324 varient_3_detoxified_v_3.png,toxic_324_varient_1_detoxified.png,toxic_324_varient_1_detoxified.png,toxic 324 varient 2 detoxified v2.png,toxic_324_varient_3_detoxified_v3.png
toxic_325.png,toxic_325 varient_1.png,toxic_325 varient_2.png,toxic_325 varient_3.png,toxic_325 varient_3_detoxified_v_3.png,toxic_325_varient_1_detoxified.png,toxic_325_varient_1_detoxified.png,toxic 325 varient 2 detoxified v2.png,
toxic_326.png,toxic_326 varient_1.png,toxic_326 varient_2.png,toxic_326 varient_3.png,toxic_326 varient_3_detoxified_v_3.png,toxic_326_varient_1_detoxified.png,toxic_326_varient_1_detoxified.png,toxic 326 varient 2 detoxified v2.png,
toxic_327.png,toxic_327 varient_1.png,toxic_327 varient_2.png,toxic_327 varient_3.png,toxic_327 varient_3_detoxified_v_3.png,toxic_327_varient_1_detoxified.png,toxic_327_varient_1_detoxified.png,toxic 327 varient 2 detoxified v2.png,
toxic_328.png,toxic_328 varient_1.png,toxic_328 varient_2.png,toxic_328 varient_3.png,toxic_328 varient_3_detoxified_v_3.png,toxic_328_varient_1_detoxified.png,,toxic 328 varient 2 detoxified v2.png,
toxic_329.png,toxic_329 varient_1.png,toxic_329 varient_2.png,toxic_329 varient_3.png,toxic_329 varient_3_detoxified_v_3.png,toxic_329_varient_1_detoxified.png,,toxic 329 varient 2 detoxified v2.png,
toxic_33.png,toxic_33 varient_1.png,toxic_33 varient_2.png,toxic_33 varient_3.png,toxic_33 varient_3_detoxified_v_3.png,toxic_33_varient_1_detoxified.png,toxic_33_varient_1_detoxified.png,toxic 33 varient 2 detoxified v2.png,
toxic_330.png,toxic_330 varient_1.png,toxic_330 varient_2.png,toxic_330 varient_3.png,toxic_330 varient_3_detoxified_v_3.png,toxic_330_varient_1_detoxified.png,toxic_330_varient_1_detoxified.png,toxic 330 varient 2 detoxified v2.png,
toxic_331.png,toxic_331 varient_1.png,toxic_331 varient_2.png,toxic_331 varient_3.png,toxic_331 varient_3_detoxified_v_3.png,toxic_331_varient_1_detoxified.png,toxic_331_varient_1_detoxified.png,toxic 331 varient 2 detoxified v2.png,
toxic_332.png,toxic_332 varient_1.png,toxic_332 varient_2.png,toxic_332 varient_3.png,toxic_332 varient_3_detoxified_v_3.png,toxic_332_varient_1_detoxified.png,toxic_332_varient_1_detoxified.png,toxic 332 varient 2 detoxified v2.png,
toxic_333.png,toxic_333 varient_1.png,toxic_333 varient_2.png,toxic_333 varient_3.png,toxic_333 varient_3_detoxified_v_3.png,toxic_333_varient_1_detoxified.png,toxic_333_varient_1_detoxified.png,toxic 333 varient 2 detoxified v2.png,
toxic_334.png,toxic_334 varient_1.png,toxic_334 varient_2.png,toxic_334 varient_3.png,toxic_334 varient_3_detoxified_v_3.png,toxic_334_varient_1_detoxified.png,toxic_334_varient_1_detoxified.png,toxic 334 varient 2 detoxified v2.png,
toxic_335.png,toxic_335 varient_1.png,toxic_335 varient_2.png,toxic_335 varient_3.png,toxic_335 varient_3_detoxified_v_3.png,toxic_335_varient_1_detoxified.png,toxic_335_varient_1_detoxified.png,toxic 335 varient 2 detoxified v2.png,
toxic_336.png,toxic_336 varient_1.png,toxic_336 varient_2.png,toxic_336 varient_3.png,toxic_336 varient_3_detoxified_v_3.png,toxic_336_varient_1_detoxified.png,toxic_336_varient_1_detoxified.png,toxic 336 varient 2 detoxified v2.png,
toxic_337.png,toxic_337 varient_1.png,toxic_337 varient_2.png,toxic_337 varient_3.png,toxic_337 varient_3_detoxified_v_3.png,toxic_337_varient_1_detoxified.png,toxic_337_varient_1_detoxified.png,toxic 337 varient 2 detoxified v2.png,
toxic_338.png,toxic_338 varient_1.png,toxic_338 varient_2.png,toxic_338 varient_3.png,toxic_338 varient_3_detoxified_v_3.png,toxic_338_varient_1_detoxified.png,toxic_338_varient_1_detoxified.png,toxic 338 varient 2 detoxified v2.png,
toxic_339.png,toxic_339 varient_1.png,toxic_339 varient_2.png,toxic_339 varient_3.png,toxic_339 varient_3_detoxified_v_3.png,toxic_339_varient_1_detoxified.png,toxic_339_varient_1_detoxified.png,toxic 339 varient 2 detoxified v2.png,
toxic_34.png,toxic_34 varient_1.png,toxic_34 varient_2.png,toxic_34 varient_3.png,toxic_34 varient_3_detoxified_v_3.png,toxic_34_varient_1_detoxified.png,toxic_34_varient_1_detoxified.png,toxic 34 varient 2 detoxified v2.png,
toxic_340.png,toxic_340 varient_1.png,toxic_340 varient_2.png,toxic_340 varient_3.png,toxic_340 varient_3_detoxified_v_3.png,toxic_340_varient_1_detoxified.png,toxic_340_varient_1_detoxified.png,toxic 340 varient 2 detoxified v2.png,
toxic_341.png,toxic_341 varient_1.png,toxic_341 varient_2.png,toxic_341 varient_3.png,toxic_341 varient_3_detoxified_v_3.png,toxic_341_varient_1_detoxified.png,toxic_341_varient_1_detoxified.png,toxic 341 varient 2 detoxified v2.png,
toxic_342.png,toxic_342 varient_1.png,toxic_342 varient_2.png,toxic_342 varient_3.png,toxic_342 varient_3_detoxified_v_3.png,toxic_342_varient_1_detoxified.png,toxic_342_varient_1_detoxified.png,toxic 342 varient 2 detoxified v2.png,
toxic_343.png,toxic_343 varient_1.png,toxic_343 varient_2.png,toxic_343 varient_3.png,toxic_343 varient_3_detoxified_v_3.png,toxic_343_varient_1_detoxified.png,toxic_343_varient_1_detoxified.png,toxic 343 varient 2 detoxified v2.png,
toxic_344.png,toxic_344 varient_1.png,toxic_344 varient_2.png,toxic_344 varient_3.png,toxic_344 varient_3_detoxified_v_3.png,toxic_344_varient_1_detoxified.png,toxic_344_varient_1_detoxified.png,toxic 344 varient 2 detoxified v2.png,
toxic_345.png,toxic_345 varient_1.png,toxic_345 varient_2.png,toxic_345 varient_3.png,toxic_345 varient_3_detoxified_v_3.png,toxic_345_varient_1_detoxified.png,toxic_345_varient_1_detoxified.png,toxic 345 varient 2 detoxified v2.png,
toxic_346.png,toxic_346 varient_1.png,toxic_346 varient_2.png,toxic_346 varient_3.png,toxic_346 varient_3_detoxified_v_3.png,toxic_346_varient_1_detoxified.png,,toxic 346 varient 2 detoxified v2.png,
toxic_347.png,toxic_347 varient_1.png,toxic_347 varient_2.png,toxic_347 varient_3.png,toxic_347 varient_3_detoxified_v_3.png,toxic_347_varient_1_detoxified.png,toxic_347_varient_1_detoxified.png,toxic 347 varient 2 detoxified v2.png,
toxic_348.png,toxic_348 varient_1.png,toxic_348 varient_2.png,toxic_348 varient_3.png,toxic_348 varient_3_detoxified_v_3.png,toxic_348_varient_1_detoxified.png,,toxic 348 varient 2 detoxified v2.png,
toxic_349.png,toxic_349 varient_1.png,toxic_349 varient_2.png,toxic_349 varient_3.png,toxic_349 varient_3_detoxified_v_3.png,toxic_349_varient_1_detoxified.png,toxic_349_varient_1_detoxified.png,toxic 349 varient 2 detoxified v2.png,
toxic_35.png,toxic_35 varient_1.png,toxic_35 varient_2.png,toxic_35 varient_3.png,,toxic_35_varient_1_detoxified.png,toxic_35_varient_1_detoxified.png,toxic 35 varient 2 detoxified v2.png,
toxic_350.png,toxic_350 varient_1.png,toxic_350 varient_2.png,toxic_350 varient_3.png,toxic_350 varient_3_detoxified_v_3.png,toxic_350_varient_1_detoxified.png,toxic_350_varient_1_detoxified.png,toxic 350 varient 2 detoxified v2.png,
toxic_351.png,toxic_351 varient_1.png,toxic_351 varient_2.png,toxic_351 varient_3.png,toxic_351 varient_3_detoxified_v_3.png,toxic_351_varient_1_detoxified.png,toxic_351_varient_1_detoxified.png,toxic 351 varient 2 detoxified v2.png,
toxic_352.png,toxic_352 varient_1.png,toxic_352 varient_2.png,toxic_352 varient_3.png,toxic_352 varient_3_detoxified_v_3.png,toxic_352_varient_1_detoxified.png,toxic_352_varient_1_detoxified.png,toxic 352 varient 2 detoxified v2.png,
toxic_353.png,toxic_353 varient_1.png,toxic_353 varient_2.png,toxic_353 varient_3.png,toxic_353 varient_3_detoxified_v_3.png,toxic_353_varient_1_detoxified.png,toxic_353_varient_1_detoxified.png,toxic 353 varient 2 detoxified v2.png,
toxic_354.png,toxic_354 varient_1.png,toxic_354 varient_2.png,toxic_354 varient_3.png,toxic_354 varient_3_detoxified_v_3.png,toxic_354_varient_1_detoxified.png,toxic_354_varient_1_detoxified.png,toxic 354 varient 2 detoxified v2.png,
toxic_355.png,toxic_355 varient_1.png,toxic_355 varient_2.png,toxic_355 varient_3.png,toxic_35 varient_3_detoxified_v_3.png,toxic_355_varient_1_detoxified.png,toxic_355_varient_1_detoxified.png,toxic 355 varient 2 detoxified v2.png,
toxic_356.png,toxic_356 varient_1.png,toxic_356 varient_2.png,toxic_356 varient_3.png,,toxic_356_varient_1_detoxified.png,toxic_356_varient_1_detoxified.png,toxic 356 varient 2 detoxified v2.png,
toxic_357.png,toxic_357 varient_1.png,toxic_357 varient_2.png,toxic_357 varient_3.png,,toxic_357_varient_1_detoxified.png,toxic_357_varient_1_detoxified.png,toxic 357 varient 2 detoxified v2.png,
toxic_358.png,toxic_358 varient_1.png,toxic_358 varient_2.png,toxic_358 varient_3.png,,toxic_358_varient_1_detoxified.png,toxic_358_varient_1_detoxified.png,toxic 358 varient 2 detoxified v2.png,
toxic_359.png,toxic_359 varient_1.png,toxic_359 varient_2.png,toxic_359 varient_3.png,,toxic_359_varient_1_detoxified.png,,toxic 359 varient 2 detoxified v2.png,
toxic_36.png,toxic_36 varient_1.png,toxic_36 varient_2.png,toxic_36 varient_3.png,,toxic_36_varient_1_detoxified.png,toxic_36_varient_1_detoxified.png,toxic 36 varient 2 detoxified v2.png,
toxic_360.png,toxic_360 varient_1.png,toxic_360 varient_2.png,toxic_360 varient_3.png,,toxic_360_varient_1_detoxified.png,toxic_360_varient_1_detoxified.png,toxic 360 varient 2 detoxified v2.png,
toxic_361.png,toxic_361 varient_1.png,toxic_361 varient_2.png,toxic_361 varient_3.png,,toxic_361_varient_1_detoxified.png,toxic_361_varient_1_detoxified.png,toxic 361 varient 2 detoxified v2.png,
toxic_362.png,toxic_362 varient_1.png,toxic_362 varient_2.png,toxic_362 varient_3.png,,toxic_362_varient_1_detoxified.png,toxic_362_varient_1_detoxified.png,toxic 362 varient 2 detoxified v2.png,
toxic_363.png,toxic_363 varient_1.png,toxic_363 varient_2.png,toxic_363 varient_3.png,,toxic_363_varient_1_detoxified.png,toxic_363_varient_1_detoxified.png,toxic 363 varient 2 detoxified v2.png,
toxic_364.png,toxic_364 varient_1.png,toxic_364 varient_2.png,toxic_364 varient_3.png,,toxic_364_varient_1_detoxified.png,toxic_364_varient_1_detoxified.png,toxic 364 varient 2 detoxified v2.png,
toxic_365.png,toxic_365 varient_1.png,toxic_365 varient_2.png,toxic_365 varient_3.png,,toxic_365_varient_1_detoxified.png,,toxic 365 varient 2 detoxified v2.png,
toxic_366.png,toxic_366 varient_1.png,toxic_366 varient_2.png,toxic_366 varient_3.png,,toxic_366_varient_1_detoxified.png,toxic_366_varient_1_detoxified.png,toxic 366 varient 2 detoxified v2.png,
toxic_367.png,toxic_367 varient_1.png,toxic_367 varient_2.png,toxic_367 varient_3.png,,toxic_367_varient_1_detoxified.png,toxic_367_varient_1_detoxified.png,toxic 367 varient 2 detoxified v2.png,
toxic_368.png,toxic_368 varient_1.png,toxic_368 varient_2.png,toxic_368 varient_3.png,,toxic_368_varient_1_detoxified.png,,toxic 368 varient 2 detoxified v2.png,
toxic_369.png,toxic_369 varient_1.png,toxic_369 varient_2.png,toxic_369 varient_3.png,,toxic_369_varient_1_detoxified.png,toxic_369_varient_1_detoxified.png,toxic 369 varient 2 detoxified v2.png,
toxic_37.png,toxic_37 varient_1.png,toxic_37 varient_2.png,toxic_37 varient_3.png,,toxic_37_varient_1_detoxified.png,toxic_37_varient_1_detoxified.png,toxic 37 varient 2 detoxified v2.png,
toxic_370.png,toxic_370 varient_1.png,toxic_370 varient_2.png,toxic_370 varient_3.png,,toxic_370_varient_1_detoxified.png,,toxic 370 varient 2 detoxified v2.png,
toxic_371.png,toxic_371 varient_1.png,toxic_371 varient_2.png,toxic_371 varient_3.png,,toxic_371_varient_1_detoxified.png,toxic_371_varient_1_detoxified.png,toxic 371 varient 2 detoxified v2.png,
toxic_372.png,toxic_372 varient_1.png,toxic_372 varient_2.png,toxic_372 varient_3.png,,toxic_372_varient_1_detoxified.png,toxic_372_varient_1_detoxified.png,toxic 372 varient 2 detoxified v2.png,
toxic_373.png,toxic_373 varient_1.png,toxic_373 varient_2.png,toxic_373 varient_3.png,,toxic_373_varient_1_detoxified.png,toxic_373_varient_1_detoxified.png,toxic 373 varient 2 detoxified v2.png,
toxic_374.png,toxic_374 varient_1.png,toxic_374 varient_2.png,toxic_374 varient_3.png,,toxic_374_varient_1_detoxified.png,toxic_374_varient_1_detoxified.png,toxic 374 varient 2 detoxified v2.png,
toxic_375.png,toxic_375 varient_1.png,toxic_375 varient_2.png,toxic_375 varient_3.png,,toxic_375_varient_1_detoxified.png,toxic_375_varient_1_detoxified.png,toxic 375 varient 2 detoxified v2.png,
toxic_376.png,toxic_376 varient_1.png,toxic_376 varient_2.png,toxic_376 varient_3.png,,toxic_376_varient_1_detoxified.png,toxic_376_varient_1_detoxified.png,toxic 376 varient 2 detoxified v2.png,
toxic_377.png,toxic_377 varient_1.png,toxic_377 varient_2.png,toxic_377 varient_3.png,,toxic_377_varient_1_detoxified.png,toxic_377_varient_1_detoxified.png,toxic 377 varient 2 detoxified v2.png,
toxic_378.png,toxic_378 varient_1.png,toxic_378 varient_2.png,toxic_378 varient_3.png,,toxic_378_varient_1_detoxified.png,toxic_378_varient_1_detoxified.png,toxic 378 varient 2 detoxified v2.png,
toxic_379.png,toxic_379 varient_1.png,toxic_379 varient_2.png,toxic_379 varient_3.png,,toxic_379_varient_1_detoxified.png,toxic_379_varient_1_detoxified.png,toxic 379 varient 2 detoxified v2.png,
toxic_38.png,toxic_38 varient_1.png,toxic_38 varient_2.png,toxic_38 varient_3.png,,toxic_38_varient_1_detoxified.png,toxic_38_varient_1_detoxified.png,toxic 38 varient 2 detoxified v2.png,
toxic_380.png,toxic_380 varient_1.png,toxic_380 varient_2.png,toxic_380 varient_3.png,,toxic_380_varient_1_detoxified.png,toxic_380_varient_1_detoxified.png,toxic 380 varient 2 detoxified v2.png,
toxic_381.png,toxic_381 varient_1.png,toxic_381 varient_2.png,toxic_381 varient_3.png,,toxic_381_varient_1_detoxified.png,toxic_381_varient_1_detoxified.png,toxic 381 varient 2 detoxified v2.png,
toxic_382.png,toxic_382 varient_1.png,toxic_382 varient_2.png,toxic_382 varient_3.png,,toxic_382_varient_1_detoxified.png,toxic_382_varient_1_detoxified.png,toxic 382 varient 2 detoxified v2.png,
toxic_383.png,toxic_383 varient_1.png,toxic_383 varient_2.png,toxic_383 varient_3.png,,toxic_383_varient_1_detoxified.png,toxic_383_varient_1_detoxified.png,toxic 383 varient 2 detoxified v2.png,
toxic_384.png,toxic_384 varient_1.png,toxic_384 varient_2.png,toxic_384 varient_3.png,,toxic_384_varient_1_detoxified.png,toxic_384_varient_1_detoxified.png,toxic 384 varient 2 detoxified v2.png,
toxic_385.png,toxic_385 varient_1.png,toxic_385 varient_2.png,toxic_385 varient_3.png,,toxic_385_varient_1_detoxified.png,toxic_385_varient_1_detoxified.png,toxic 385 varient 2 detoxified v2.png,
toxic_386.png,toxic_386 varient_1.png,toxic_386 varient_2.png,toxic_386 varient_3.png,,toxic_386_varient_1_detoxified.png,toxic_386_varient_1_detoxified.png,toxic 386 varient 2 detoxified v2.png,
toxic_387.png,toxic_387 varient_1.png,toxic_387 varient_2.png,toxic_387 varient_3.png,,toxic_387_varient_1_detoxified.png,toxic_387_varient_1_detoxified.png,toxic 387 varient 2 detoxified v2.png,
toxic_388.png,toxic_388 varient_1.png,toxic_388 varient_2.png,toxic_388 varient_3.png,,toxic_388_varient_1_detoxified.png,toxic_388_varient_1_detoxified.png,toxic 388 varient 2 detoxified v2.png,
toxic_389.png,toxic_389 varient_1.png,toxic_389 varient_2.png,toxic_389 varient_3.png,,toxic_389_varient_1_detoxified.png,,toxic 389 varient 2 detoxified v2.png,
toxic_39.png,toxic_39 varient_1.png,toxic_39 varient_2.png,toxic_39 varient_3.png,,toxic_39_varient_1_detoxified.png,toxic_39_varient_1_detoxified.png,toxic 39 varient 2 detoxified v2.png,
toxic_390.png,toxic_390 varient_1.png,toxic_390 varient_2.png,toxic_390 varient_3.png,,toxic_390_varient_1_detoxified.png,toxic_390_varient_1_detoxified.png,toxic 390 varient 2 detoxified v2.png,
toxic_391.png,toxic_391 varient_1.png,toxic_391 varient_2.png,toxic_391 varient_3.png,,toxic_391_varient_1_detoxified.png,toxic_391_varient_1_detoxified.png,toxic 391 varient 2 detoxified v2.png,
toxic_392.png,toxic_392 varient_1.png,toxic_392 varient_2.png,toxic_392 varient_3.png,,toxic_392_varient_1_detoxified.png,toxic_392_varient_1_detoxified.png,toxic 392 varient 2 detoxified v2.png,
toxic_393.png,toxic_393 varient_1.png,toxic_393 varient_2.png,toxic_393 varient_3.png,,toxic_393_varient_1_detoxified.png,toxic_393_varient_1_detoxified.png,toxic 393 varient 2 detoxified v2.png,
toxic_394.png,toxic_394 varient_1.png,toxic_394 varient_2.png,toxic_394 varient_3.png,,toxic_394_varient_1_detoxified.png,toxic_394_varient_1_detoxified.png,toxic 394 varient 2 detoxified v2.png,
toxic_395.png,toxic_395 varient_1.png,toxic_395 varient_2.png,toxic_395 varient_3.png,,toxic_395_varient_1_detoxified.png,toxic_395_varient_1_detoxified.png,toxic 395 varient 2 detoxified v2.png,
toxic_396.png,toxic_396 varient_1.png,toxic_396 varient_2.png,toxic_396 varient_3.png,,toxic_396_varient_1_detoxified.png,toxic_396_varient_1_detoxified.png,toxic 396 varient 2 detoxified v2.png,
toxic_397.png,toxic_397 varient_1.png,toxic_397 varient_2.png,toxic_397 varient_3.png,,toxic_397_varient_1_detoxified.png,toxic_397_varient_1_detoxified.png,toxic 397 varient 2 detoxified v2.png,
toxic_398.png,toxic_398 varient_1.png,toxic_398 varient_2.png,toxic_398 varient_3.png,,toxic_398_varient_1_detoxified.png,,toxic 398 varient 2 detoxified v2.png,
toxic_4.png,toxic_4 varient_1.png,toxic_4 varient_2.png,toxic_4 varient_3.png,,toxic_4_varient_1_detoxified.png,toxic_4_varient_1_detoxified.png,toxic 4 varient 2 detoxified v2.png,
toxic_40.png,toxic_40 varient_1.png,toxic_40 varient_2.png,toxic_40 varient_3.png,,toxic_40_varient_1_detoxified.png,toxic_40_varient_1_detoxified.png,toxic 40 varient 2 detoxified v2.png,
toxic_400.png,toxic_400 varient_1.png,toxic_400 varient_2.png,toxic_400 varient_3.png,,toxic_400_varient_1_detoxified.png,toxic_400_varient_1_detoxified.png,toxic 400 varient 2 detoxified v2.png,
toxic_401.png,toxic_401 varient_1.png,toxic_401 varient_2.png,toxic_401 varient_3.png,,toxic_401_varient_1_detoxified.png,,toxic 401 varient 2 detoxified v2.png,
toxic_402.png,toxic_402 varient_1.png,toxic_402 varient_2.png,toxic_402 varient_3.png,,toxic_402_varient_1_detoxified.png,toxic_402_varient_1_detoxified.png,toxic 402 varient 2 detoxified v2.png,
toxic_404.png,toxic_404 varient_1.png,toxic_404 varient_2.png,toxic_404 varient_3.png,,toxic_404_varient_1_detoxified.png,toxic_404_varient_1_detoxified.png,toxic 404 varient 2 detoxified v2.png,
toxic_405.png,toxic_405 varient_1.png,toxic_405 varient_2.png,toxic_405 varient_3.png,,toxic_405_varient_1_detoxified.png,toxic_405_varient_1_detoxified.png,toxic 405 varient 2 detoxified v2.png,
toxic_406.png,toxic_406 varient_1.png,toxic_406 varient_2.png,toxic_406 varient_3.png,,toxic_406_varient_1_detoxified.png,toxic_406_varient_1_detoxified.png,toxic 406 varient 2 detoxified v2.png,
toxic_407.png,toxic_407 varient_1.png,toxic_407 varient_2.png,toxic_407 varient_3.png,,toxic_407_varient_1_detoxified.png,toxic_407_varient_1_detoxified.png,toxic 407 varient 2 detoxified v2.png,
toxic_408.png,toxic_408 varient_1.png,toxic_408 varient_2.png,toxic_408 varient_3.png,,toxic_408_varient_1_detoxified.png,toxic_408_varient_1_detoxified.png,toxic 408 varient 2 detoxified v2.png,
toxic_409.png,toxic_409 varient_1.png,toxic_409 varient_2.png,toxic_409 varient_3.png,,toxic_409_varient_1_detoxified.png,toxic_409_varient_1_detoxified.png,toxic 409 varient 2 detoxified v2.png,
toxic_41.png,toxic_41 varient_1.png,toxic_41 varient_2.png,toxic_41 varient_3.png,,toxic_41_varient_1_detoxified.png,toxic_41_varient_1_detoxified.png,toxic 41 varient 2 detoxified v2.png,
toxic_410.png,toxic_410 varient_1.png,toxic_410 varient_2.png,toxic_410 varient_3.png,,toxic_410_varient_1_detoxified.png,toxic_410_varient_1_detoxified.png,toxic 410 varient 2 detoxified v2.png,
toxic_411.png,toxic_411 varient_1.png,toxic_411 varient_2.png,toxic_411 varient_3.png,,toxic_411_varient_1_detoxified.png,toxic_411_varient_1_detoxified.png,toxic 411 varient 2 detoxified v2.png,
toxic_412.png,toxic_412 varient_1.png,toxic_412 varient_2.png,toxic_412 varient_3.png,,toxic_412_varient_1_detoxified.png,toxic_412_varient_1_detoxified.png,toxic 412 varient 2 detoxified v2.png,
toxic_413.png,toxic_413 varient_1.png,toxic_413 varient_2.png,toxic_413 varient_3.png,,toxic_413_varient_1_detoxified.png,toxic_413_varient_1_detoxified.png,toxic 413 varient 2 detoxified v2.png,
toxic_414.png,toxic_414 varient_1.png,toxic_414 varient_2.png,toxic_414 varient_3.png,,toxic_414_varient_1_detoxified.png,,toxic 414 varient 2 detoxified v2.png,
toxic_415.png,toxic_415 varient_1.png,toxic_415 varient_2.png,toxic_415 varient_3.png,,toxic_415_varient_1_detoxified.png,toxic_415_varient_1_detoxified.png,toxic 415 varient 2 detoxified v2.png,
toxic_416.png,toxic_416 varient_1.png,toxic_416 varient_2.png,toxic_416 varient_3.png,,toxic_416_varient_1_detoxified.png,toxic_416_varient_1_detoxified.png,toxic 416 varient 2 detoxified v2.png,
toxic_417.png,toxic_417 varient_1.png,toxic_417 varient_2.png,toxic_417 varient_3.png,,toxic_417_varient_1_detoxified.png,toxic_417_varient_1_detoxified.png,toxic 417 varient 2 detoxified v2.png,
toxic_418.png,toxic_418 varient_1.png,toxic_418 varient_2.png,toxic_418 varient_3.png,,toxic_418_varient_1_detoxified.png,toxic_418_varient_1_detoxified.png,toxic 418 varient 2 detoxified v2.png,
toxic_419.png,toxic_419 varient_1.png,toxic_419 varient_2.png,toxic_419 varient_3.png,,,toxic_419_varient_1_detoxified.png,toxic 419 varient 2 detoxified v2.png,
toxic_42.png,toxic_42 varient_1.png,toxic_42 varient_2.png,toxic_42 varient_3.png,,toxic_42_varient_1_detoxified.png,toxic_42_varient_1_detoxified.png,toxic 42 varient 2 detoxified v2.png,
toxic_420.png,toxic_420 varient_1.png,toxic_420 varient_2.png,toxic_420 varient_3.png,,toxic_420_varient_1_detoxified.png,toxic_420_varient_1_detoxified.png,toxic 420 varient 2 detoxified v2.png,
toxic_421.png,toxic_421 varient_1.png,toxic_421 varient_2.png,toxic_421 varient_3.png,,toxic_421_varient_1_detoxified.png,toxic_421_varient_1_detoxified.png,toxic 421 varient 2 detoxified v2.png,
toxic_422.png,toxic_422 varient_1.png,toxic_422 varient_2.png,toxic_422 varient_3.png,,toxic_422_varient_1_detoxified.png,toxic_422_varient_1_detoxified.png,toxic 422 varient 2 detoxified v2.png,
toxic_423.png,toxic_423 varient_1.png,toxic_423 varient_2.png,toxic_423 varient_3.png,,toxic_423_varient_1_detoxified.png,toxic_423_varient_1_detoxified.png,toxic 423 varient 2 detoxified v2.png,
toxic_424.png,toxic_424 varient_1.png,toxic_424 varient_2.png,toxic_424 varient_3.png,,toxic_424_varient_1_detoxified.png,toxic_424_varient_1_detoxified.png,toxic 424 varient 2 detoxified v2.png,
toxic_425.png,toxic_425 varient_1.png,toxic_425 varient_2.png,toxic_425 varient_3.png,,toxic_425_varient_1_detoxified.png,toxic_425_varient_1_detoxified.png,toxic 425 varient 2 detoxified v2.png,
toxic_426.png,toxic_426 varient_1.png,toxic_426 varient_2.png,toxic_426 varient_3.png,,toxic_426_varient_1_detoxified.png,toxic_426_varient_1_detoxified.png,toxic 426 varient 2 detoxified v2.png,
toxic_427.png,toxic_427 varient_1.png,toxic_427 varient_2.png,toxic_427 varient_3.png,,toxic_427_varient_1_detoxified.png,toxic_427_varient_1_detoxified.png,toxic 427 varient 2 detoxified v2.png,
toxic_428.png,toxic_428 varient_1.png,toxic_428 varient_2.png,toxic_428 varient_3.png,,toxic_428_varient_1_detoxified.png,toxic_428_varient_1_detoxified.png,toxic 428 varient 2 detoxified v2.png,
toxic_429.png,toxic_429 varient_1.png,toxic_429 varient_2.png,toxic_429 varient_3.png,,toxic_429_varient_1_detoxified.png,toxic_429_varient_1_detoxified.png,toxic 429 varient 2 detoxified v2.png,
toxic_43.png,toxic_43 varient_1.png,toxic_43 varient_2.png,toxic_43 varient_3.png,,toxic_43_varient_1_detoxified.png,toxic_43_varient_1_detoxified.png,toxic 43 varient 2 detoxified v2.png,
toxic_430.png,toxic_430 varient_1.png,toxic_430 varient_2.png,toxic_430 varient_3.png,,toxic_430_varient_1_detoxified.png,toxic_430_varient_1_detoxified.png,toxic 430 varient 2 detoxified v2.png,
toxic_431.png,toxic_431 varient_1.png,toxic_431 varient_2.png,toxic_431 varient_3.png,,toxic_431_varient_1_detoxified.png,toxic_431_varient_1_detoxified.png,toxic 431 varient 2 detoxified v2.png,
toxic_432.png,toxic_432 varient_1.png,toxic_432 varient_2.png,toxic_432 varient_3.png,,toxic_432_varient_1_detoxified.png,toxic_432_varient_1_detoxified.png,toxic 432 varient 2 detoxified v2.png,
toxic_433.png,toxic_433 varient_1.png,toxic_433 varient_2.png,toxic_433 varient_3.png,,toxic_433_varient_1_detoxified.png,,toxic 433 varient 2 detoxified v2.png,
toxic_434.png,toxic_434 varient_1.png,toxic_434 varient_2.png,toxic_434 varient_3.png,,toxic_434_varient_1_detoxified.png,toxic_434_varient_1_detoxified.png,toxic 434 varient 2 detoxified v2.png,
toxic_435.png,toxic_435 varient_1.png,toxic_435 varient_2.png,toxic_435 varient_3.png,,toxic_435_varient_1_detoxified.png,toxic_435_varient_1_detoxified.png,toxic 435 varient 2 detoxified v2.png,
toxic_436.png,toxic_436 varient_1.png,toxic_436 varient_2.png,toxic_436 varient_3.png,,toxic_436_varient_1_detoxified.png,toxic_436_varient_1_detoxified.png,toxic 436 varient 2 detoxified v2.png,
toxic_437.png,toxic_437 varient_1.png,toxic_437 varient_2.png,toxic_437 varient_3.png,,toxic_437_varient_1_detoxified.png,,toxic 437 varient 2 detoxified v2.png,
toxic_438.png,toxic_438 varient_1.png,toxic_438 varient_2.png,toxic_438 varient_3.png,,toxic_438_varient_1_detoxified.png,toxic_438_varient_1_detoxified.png,toxic 438 varient 2 detoxified v2.png,
toxic_439.png,toxic_439 varient_1.png,toxic_439 varient_2.png,toxic_439 varient_3.png,,toxic_439_varient_1_detoxified.png,toxic_439_varient_1_detoxified.png,toxic 439 varient 2 detoxified v2.png,
toxic_44.png,toxic_44 varient_1.png,toxic_44 varient_2.png,toxic_44 varient_3.png,,toxic_44_varient_1_detoxified.png,toxic_44_varient_1_detoxified.png,toxic 44 varient 2 detoxified v2.png,
toxic_440.png,toxic_440 varient_1.png,toxic_440 varient_2.png,toxic_440 varient_3.png,,toxic_440_varient_1_detoxified.png,toxic_440_varient_1_detoxified.png,toxic 440 varient 2 detoxified v2.png,
toxic_441.png,toxic_441 varient_1.png,toxic_441 varient_2.png,toxic_441 varient_3.png,,toxic_441_varient_1_detoxified.png,toxic_442_varient_1_detoxified.png,toxic 441 varient 2 detoxified v2.png,
toxic_442.png,toxic_442 varient_1.png,toxic_442 varient_2.png,toxic_442 varient_3.png,,toxic_442_varient_1_detoxified.png,toxic_443_varient_1_detoxified.png,toxic 442 varient 2 detoxified v2.png,
toxic_443.png,toxic_443 varient_1.png,toxic_443 varient_2.png,toxic_443 varient_3.png,,toxic_443_varient_1_detoxified.png,toxic_444_varient_1_detoxified.png,toxic 443 varient 2 detoxified v2.png,
toxic_444.png,toxic_444 varient_1.png,toxic_444 varient_2.png,toxic_444 varient_3.png,,toxic_444_varient_1_detoxified.png,toxic_445_varient_1_detoxified.png,toxic 444 varient 2 detoxified v2.png,
toxic_445.png,toxic_445 varient_1.png,toxic_445 varient_2.png,toxic_445 varient_3.png,,toxic_445_varient_1_detoxified.png,toxic_446_varient_1_detoxified.png,toxic 445 varient 2 detoxified v2.png,
toxic_446.png,toxic_446 varient_1.png,toxic_446 varient_2.png,toxic_446 varient_3.png,,toxic_446_varient_1_detoxified.png,toxic_447_varient_1_detoxified.png,toxic 446 varient 2 detoxified v2.png,
toxic_447.png,toxic_447 varient_1.png,toxic_447 varient_2.png,toxic_447 varient_3.png,,toxic_447_varient_1_detoxified.png,toxic_450_varient_1_detoxified.png,toxic 447 varient 2 detoxified v2.png,
toxic_448.png,toxic_448 varient_1.png,toxic_448 varient_2.png,toxic_448 varient_3.png,,toxic_448_varient_1_detoxified.png,toxic_451_varient_1_detoxified.png,toxic 448 varient 2 detoxified v2.png,
toxic_449.png,toxic_449 varient_1.png,toxic_449 varient_2.png,toxic_449 varient_3.png,,toxic_449_varient_1_detoxified.png,toxic_452_varient_1_detoxified.png,toxic 449 varient 2 detoxified v2.png,
toxic_45.png,toxic_45 varient_1.png,toxic_45 varient_2.png,toxic_45 varient_3.png,,toxic_45_varient_1_detoxified.png,toxic_454_varient_1_detoxified.png,toxic 45 varient 2 detoxified v2.png,
toxic_450.png,toxic_450 varient_1.png,toxic_450 varient_2.png,toxic_450 varient_3.png,,toxic_450_varient_1_detoxified.png,toxic_455_varient_1_detoxified.png,toxic 450 varient 2 detoxified v2.png,
toxic_451.png,toxic_451 varient_1.png,toxic_451 varient_2.png,toxic_451 varient_3.png,,toxic_451_varient_1_detoxified.png,toxic_457_varient_1_detoxified.png,toxic 451 varient 2 detoxified v2.png,
toxic_452.png,toxic_452 varient_1.png,toxic_452 varient_2.png,toxic_452 varient_3.png,,toxic_452_varient_1_detoxified.png,toxic_458_varient_1_detoxified.png,toxic 452 varient 2 detoxified v2.png,
toxic_453.png,toxic_453 varient_1.png,toxic_453 varient_2.png,toxic_453 varient_3.png,,toxic_453_varient_1_detoxified.png,toxic_459_varient_1_detoxified.png,toxic 453 varient 2 detoxified v2.png,
toxic_454.png,toxic_454 varient_1.png,toxic_454 varient_2.png,toxic_454 varient_3.png,,toxic_454_varient_1_detoxified.png,toxic_46_varient_1_detoxified.png,toxic 454 varient 2 detoxified v2.png,
toxic_455.png,toxic_455 varient_1.png,toxic_455 varient_2.png,toxic_455 varient_3.png,,toxic_455_varient_1_detoxified.png,toxic_460_varient_1_detoxified.png,toxic 455 varient 2 detoxified v2.png,
toxic_456.png,toxic_456 varient_1.png,toxic_456 varient_2.png,toxic_456 varient_3.png,,toxic_456_varient_1_detoxified.png,toxic_461_varient_1_detoxified.png,toxic 456 varient 2 detoxified v2.png,
toxic_457.png,toxic_457 varient_1.png,toxic_457 varient_2.png,toxic_457 varient_3.png,,toxic_457_varient_1_detoxified.png,toxic_462_varient_1_detoxified.png,toxic 457 varient 2 detoxified v2.png,
toxic_458.png,toxic_458 varient_1.png,toxic_458 varient_2.png,toxic_458 varient_3.png,,toxic_458_varient_1_detoxified.png,toxic_463_varient_1_detoxified.png,toxic 458 varient 2 detoxified v2.png,
toxic_459.png,toxic_459 varient_1.png,toxic_459 varient_2.png,toxic_459 varient_3.png,,toxic_459_varient_1_detoxified.png,toxic_464_varient_1_detoxified.png,toxic 459 varient 2 detoxified v2.png,
toxic_46.png,toxic_46 varient_1.png,toxic_46 varient_2.png,toxic_46 varient_3.png,,toxic_46_varient_1_detoxified.png,toxic_465_varient_1_detoxified.png,toxic 46 varient 2 detoxified v2.png,
toxic_460.png,toxic_460 varient_1.png,toxic_460 varient_2.png,toxic_460 varient_3.png,,toxic_460_varient_1_detoxified.png,toxic_466_varient_1_detoxified.png,toxic 460 varient 2 detoxified v2.png,
toxic_461.png,toxic_461 varient_1.png,toxic_461 varient_2.png,toxic_461 varient_3.png,,toxic_461_varient_1_detoxified.png,toxic_467_varient_1_detoxified.png,toxic 461 varient 2 detoxified v2.png,
toxic_462.png,toxic_462 varient_1.png,toxic_462 varient_2.png,toxic_462 varient_3.png,,toxic_462_varient_1_detoxified.png,toxic_468_varient_1_detoxified.png,toxic 462 varient 2 detoxified v2.png,
toxic_463.png,toxic_463 varient_1.png,toxic_463 varient_2.png,toxic_463 varient_3.png,,toxic_463_varient_1_detoxified.png,toxic_469_varient_1_detoxified.png,toxic 463 varient 2 detoxified v2.png,
toxic_464.png,toxic_464 varient_1.png,toxic_464 varient_2.png,toxic_464 varient_3.png,,toxic_464_varient_1_detoxified.png,toxic_470_varient_1_detoxified.png,toxic 464 varient 2 detoxified v2.png,
toxic_465.png,toxic_465 varient_1.png,toxic_465 varient_2.png,toxic_465 varient_3.png,,toxic_465_varient_1_detoxified.png,toxic_471_varient_1_detoxified.png,toxic 465 varient 2 detoxified v2.png,
toxic_466.png,toxic_466 varient_1.png,toxic_466 varient_2.png,toxic_466 varient_3.png,,toxic_466_varient_1_detoxified.png,toxic_472_varient_1_detoxified.png,toxic 466 varient 2 detoxified v2.png,
toxic_467.png,toxic_467 varient_1.png,toxic_467 varient_2.png,toxic_467 varient_3.png,,toxic_467_varient_1_detoxified.png,toxic_473_varient_1_detoxified.png,toxic 467 varient 2 detoxified v2.png,
toxic_468.png,toxic_468 varient_1.png,toxic_468 varient_2.png,toxic_468 varient_3.png,,toxic_468_varient_1_detoxified.png,toxic_474_varient_1_detoxified.png,toxic 468 varient 2 detoxified v2.png,
toxic_469.png,toxic_469 varient_1.png,toxic_469 varient_2.png,toxic_469 varient_3.png,,toxic_469_varient_1_detoxified.png,toxic_475_varient_1_detoxified.png,toxic 469 varient 2 detoxified v2.png,
toxic_47.png,toxic_47 varient_1.png,toxic_47 varient_2.png,toxic_47 varient_3.png,,toxic_47_varient_1_detoxified.png,toxic_480_varient_1_detoxified.png,toxic 47 varient 2 detoxified v2.png,
toxic_470.png,toxic_470 varient_1.png,toxic_470 varient_2.png,toxic_470 varient_3.png,,toxic_470_varient_1_detoxified.png,toxic_481_varient_1_detoxified.png,toxic 470 varient 2 detoxified v2.png,
toxic_471.png,toxic_471 varient_1.png,toxic_471 varient_2.png,toxic_471 varient_3.png,,toxic_471_varient_1_detoxified.png,toxic_483_varient_1_detoxified.png,toxic 471 varient 2 detoxified v2.png,
toxic_472.png,toxic_472 varient_1.png,toxic_472 varient_2.png,toxic_472 varient_3.png,,toxic_472_varient_1_detoxified.png,toxic_484_varient_1_detoxified.png,toxic 472 varient 2 detoxified v2.png,
toxic_473.png,toxic_473 varient_1.png,toxic_473 varient_2.png,toxic_473 varient_3.png,,toxic_473_varient_1_detoxified.png,toxic_485_varient_1_detoxified.png,toxic 473 varient 2 detoxified v2.png,
toxic_474.png,toxic_474 varient_1.png,toxic_474 varient_2.png,toxic_474 varient_3.png,,toxic_474_varient_1_detoxified.png,toxic_486_varient_1_detoxified.png,toxic 474 varient 2 detoxified v2.png,
toxic_475.png,toxic_475 varient_1.png,toxic_475 varient_2.png,toxic_475 varient_3.png,,toxic_475_varient_1_detoxified.png,toxic_487_varient_1_detoxified.png,toxic 475 varient 2 detoxified v2.png,
toxic_476.png,toxic_476 varient_1.png,toxic_476 varient_2.png,toxic_476 varient_3.png,,toxic_476_varient_1_detoxified.png,toxic_488_varient_1_detoxified.png,toxic 476 varient 2 detoxified v2.png,
toxic_477.png,toxic_477 varient_1.png,toxic_477 varient_2.png,toxic_477 varient_3.png,,toxic_477_varient_1_detoxified.png,toxic_489_varient_1_detoxified.png,toxic 477 varient 2 detoxified v2.png,
toxic_478.png,toxic_478 varient_1.png,toxic_478 varient_2.png,toxic_478 varient_3.png,,toxic_478_varient_1_detoxified.png,toxic_49_varient_1_detoxified.png,toxic 478 varient 2 detoxified v2.png,
toxic_479.png,toxic_479 varient_1.png,toxic_479 varient_2.png,toxic_479 varient_3.png,,toxic_479_varient_1_detoxified.png,toxic_490_varient_1_detoxified.png,toxic 479 varient 2 detoxified v2.png,
toxic_48.png,toxic_48 varient_1.png,toxic_48 varient_2.png,toxic_48 varient_3.png,,toxic_48_varient_1_detoxified.png,toxic_491_varient_1_detoxified.png,toxic 48 varient 2 detoxified v2.png,
toxic_480.png,toxic_480 varient_1.png,toxic_480 varient_2.png,toxic_480 varient_3.png,,toxic_480_varient_1_detoxified.png,toxic_492_varient_1_detoxified.png,toxic 480 varient 2 detoxified v2.png,
toxic_481.png,toxic_481 varient_1.png,toxic_481 varient_2.png,toxic_481 varient_3.png,,toxic_481_varient_1_detoxified.png,toxic_493_varient_1_detoxified.png,toxic 481 varient 2 detoxified v2.png,
toxic_483.png,toxic_483 varient_1.png,toxic_483 varient_2.png,toxic_483 varient_3.png,,toxic_483_varient_1_detoxified.png,toxic_494_varient_1_detoxified.png,toxic 483 varient 2 detoxified v2.png,
toxic_484.png,toxic_484 varient_1.png,toxic_484 varient_2.png,toxic_484 varient_3.png,,toxic_484_varient_1_detoxified.png,toxic_495_varient_1_detoxified.png,toxic 484 varient 2 detoxified v2.png,
toxic_485.png,toxic_485 varient_1.png,toxic_485 varient_2.png,toxic_485 varient_3.png,,toxic_485_varient_1_detoxified.png,toxic_496_varient_1_detoxified.png,toxic 485 varient 2 detoxified v2.png,
toxic_486.png,toxic_486 varient_1.png,toxic_486 varient_2.png,toxic_486 varient_3.png,,toxic_486_varient_1_detoxified.png,toxic_497_varient_1_detoxified.png,toxic 486 varient 2 detoxified v2.png,
toxic_487.png,toxic_487 varient_1.png,toxic_487 varient_2.png,toxic_487 varient_3.png,,toxic_487_varient_1_detoxified.png,toxic_498_varient_1_detoxified.png,toxic 487 varient 2 detoxified v2.png,
toxic_488.png,toxic_488 varient_1.png,toxic_488 varient_2.png,toxic_488 varient_3.png,,toxic_488_varient_1_detoxified.png,toxic_499_varient_1_detoxified.png,toxic 488 varient 2 detoxified v2.png,
toxic_489.png,toxic_489 varient_1.png,toxic_489 varient_2.png,toxic_489 varient_3.png,,toxic_489_varient_1_detoxified.png,toxic_5_varient_1_detoxified.png,toxic 489 varient 2 detoxified v2.png,
toxic_49.png,toxic_49 varient_1.png,toxic_49 varient_2.png,toxic_49 varient_3.png,,toxic_49_varient_1_detoxified.png,toxic_500_varient_1_detoxified.png,toxic 49 varient 2 detoxified v2.png,
toxic_490.png,toxic_490 varient_1.png,toxic_490 varient_2.png,toxic_490 varient_3.png,,toxic_490_varient_1_detoxified.png,toxic_501_varient_1_detoxified.png,toxic 490 varient 2 detoxified v2.png,
toxic_491.png,toxic_491 varient_1.png,toxic_491 varient_2.png,toxic_491 varient_3.png,,toxic_491_varient_1_detoxified.png,toxic_502_varient_1_detoxified.png,toxic 491 varient 2 detoxified v2.png,
toxic_492.png,toxic_492 varient_1.png,toxic_492 varient_2.png,toxic_492 varient_3.png,,toxic_492_varient_1_detoxified.png,toxic_504_varient_1_detoxified.png,toxic 492 varient 2 detoxified v2.png,
toxic_493.png,toxic_493 varient_1.png,toxic_493 varient_2.png,toxic_493 varient_3.png,,toxic_493_varient_1_detoxified.png,toxic_506_varient_1_detoxified.png,toxic 493 varient 2 detoxified v2.png,
toxic_494.png,toxic_494 varient_1.png,toxic_494 varient_2.png,toxic_494 varient_3.png,,toxic_494_varient_1_detoxified.png,toxic_511_varient_1_detoxified.png,toxic 494 varient 2 detoxified v2.png,
toxic_495.png,toxic_495 varient_1.png,toxic_495 varient_2.png,toxic_495 varient_3.png,,toxic_495_varient_1_detoxified.png,toxic_512_varient_1_detoxified.png,toxic 495 varient 2 detoxified v2.png,
toxic_496.png,toxic_496 varient_1.png,toxic_496 varient_2.png,toxic_496 varient_3.png,,toxic_496_varient_1_detoxified.png,toxic_513_varient_1_detoxified.png,toxic 496 varient 2 detoxified v2.png,
toxic_497.png,toxic_497 varient_1.png,toxic_497 varient_2.png,toxic_497 varient_3.png,,toxic_497_varient_1_detoxified.png,toxic_514_varient_1_detoxified.png,toxic 497 varient 2 detoxified v2.png,
toxic_498.png,toxic_498 varient_1.png,toxic_498 varient_2.png,toxic_498 varient_3.png,,toxic_498_varient_1_detoxified.png,toxic_515_varient_1_detoxified.png,toxic 498 varient 2 detoxified v2.png,
toxic_499.png,toxic_499 varient_1.png,toxic_499 varient_2.png,toxic_499 varient_3.png,,toxic_499_varient_1_detoxified.png,toxic_516_varient_1_detoxified.png,toxic 499 varient 2 detoxified v2.png,
toxic_5.png,toxic_5 varient_1.png,toxic_5 varient_2.png,toxic_5 varient_3.png,,toxic_5_varient_1_detoxified.png,toxic_517_varient_1_detoxified.png,toxic 5 varient 2 detoxified v2.png,
toxic_50.png,toxic_50 varient_1.png,toxic_50 varient_2.png,toxic_50 varient_3.png,,toxic_50_varient_1_detoxified.png,toxic_518_varient_1_detoxified.png,toxic 50 varient 2 detoxified v2.png,
toxic_500.png,toxic_500 varient_1.png,toxic_500 varient_2.png,toxic_500 varient_3.png,,toxic_500_varient_1_detoxified.png,toxic_519_varient_1_detoxified.png,toxic 500 varient 2 detoxified v2.png,
toxic_501.png,toxic_501 varient_1.png,toxic_501 varient_2.png,toxic_501 varient_3.png,,toxic_501_varient_1_detoxified.png,toxic_52_varient_1_detoxified.png,toxic 501 varient 2 detoxified v2.png,
toxic_502.png,toxic_502 varient_1.png,toxic_502 varient_2.png,toxic_502 varient_3.png,,toxic_502_varient_1_detoxified.png,toxic_520_varient_1_detoxified.png,toxic 502 varient 2 detoxified v2.png,
toxic_503.png,toxic_503 varient_1.png,toxic_503 varient_2.png,toxic_503 varient_3.png,,toxic_503_varient_1_detoxified.png,toxic_521_varient_1_detoxified.png,toxic 503 varient 2 detoxified v2.png,
toxic_504.png,toxic_504 varient_1.png,toxic_504 varient_2.png,toxic_504 varient_3.png,,toxic_504_varient_1_detoxified.png,toxic_526_varient_1_detoxified.png,toxic 504 varient 2 detoxified v2.png,
toxic_505.png,toxic_505 varient_1.png,toxic_505 varient_2.png,toxic_505 varient_3.png,,toxic_505_varient_1_detoxified.png,toxic_527_varient_1_detoxified.png,toxic 505 varient 2 detoxified v2.png,
toxic_506.png,toxic_506 varient_1.png,toxic_506 varient_2.png,toxic_506 varient_3.png,,toxic_506_varient_1_detoxified.png,toxic_528_varient_1_detoxified.png,toxic 506 varient 2 detoxified v2.png,
toxic_507.png,toxic_507 varient_1.png,toxic_507 varient_2.png,toxic_507 varient_3.png,,toxic_507_varient_1_detoxified.png,toxic_529_varient_1_detoxified.png,toxic 507 varient 2 detoxified v2.png,
toxic_508.png,toxic_508 varient_1.png,toxic_508 varient_2.png,toxic_508 varient_3.png,,toxic_508_varient_1_detoxified.png,toxic_53_varient_1_detoxified.png,toxic 508 varient 2 detoxified v2.png,
toxic_509.png,toxic_509 varient_1.png,toxic_509 varient_2.png,toxic_509 varient_3.png,,toxic_509_varient_1_detoxified.png,toxic_530_varient_1_detoxified.png,toxic 509 varient 2 detoxified v2.png,
toxic_51.png,toxic_51 varient_1.png,toxic_51 varient_2.png,toxic_51 varient_3.png,,toxic_51_varient_1_detoxified.png,toxic_531_varient_1_detoxified.png,toxic 51 varient 2 detoxified v2.png,
toxic_510.png,toxic_510 varient_1.png,toxic_510 varient_2.png,toxic_510 varient_3.png,,toxic_510_varient_1_detoxified.png,toxic_534_varient_1_detoxified.png,toxic 510 varient 2 detoxified v2.png,
toxic_511.png,toxic_511 varient_1.png,toxic_511 varient_2.png,toxic_511 varient_3.png,,toxic_511_varient_1_detoxified.png,toxic_536_varient_1_detoxified.png,toxic 511 varient 2 detoxified v2.png,
toxic_512.png,toxic_512 varient_1.png,toxic_512 varient_2.png,toxic_512 varient_3.png,,toxic_512_varient_1_detoxified.png,toxic_537_varient_1_detoxified.png,toxic 512 varient 2 detoxified v2.png,
toxic_513.png,toxic_513 varient_1.png,toxic_513 varient_2.png,toxic_513 varient_3.png,,toxic_513_varient_1_detoxified.png,toxic_539_varient_1_detoxified.png,toxic 513 varient 2 detoxified v2.png,
toxic_514.png,toxic_514 varient_1.png,toxic_514 varient_2.png,toxic_514 varient_3.png,,toxic_514_varient_1_detoxified.png,toxic_540_varient_1_detoxified.png,toxic 514 varient 2 detoxified v2.png,
toxic_515.png,toxic_515 varient_1.png,toxic_515 varient_2.png,toxic_515 varient_3.png,,toxic_515_varient_1_detoxified.png,toxic_541_varient_1_detoxified.png,toxic 515 varient 2 detoxified v2.png,
toxic_516.png,toxic_516 varient_1.png,toxic_516 varient_2.png,toxic_516 varient_3.png,,toxic_516_varient_1_detoxified.png,toxic_542_varient_1_detoxified.png,toxic 516 varient 2 detoxified v2.png,
toxic_517.png,toxic_517 varient_1.png,toxic_517 varient_2.png,toxic_517 varient_3.png,,toxic_517_varient_1_detoxified.png,toxic_543_varient_1_detoxified.png,toxic 517 varient 2 detoxified v2.png,
toxic_518.png,toxic_518 varient_1.png,toxic_518 varient_2.png,toxic_518 varient_3.png,,toxic_518_varient_1_detoxified.png,toxic_544_varient_1_detoxified.png,toxic 518 varient 2 detoxified v2.png,
toxic_519.png,toxic_519 varient_1.png,toxic_519 varient_2.png,toxic_519 varient_3.png,,toxic_519_varient_1_detoxified.png,toxic_545_varient_1_detoxified.png,toxic 519 varient 2 detoxified v2.png,
toxic_52.png,toxic_52 varient_1.png,toxic_52 varient_2.png,toxic_52 varient_3.png,,toxic_52_varient_1_detoxified.png,toxic_546_varient_1_detoxified.png,toxic 52 varient 2 detoxified v2.png,
toxic_520.png,toxic_520 varient_1.png,toxic_520 varient_2.png,toxic_520 varient_3.png,,toxic_520_varient_1_detoxified.png,toxic_547_varient_1_detoxified.png,toxic 520 varient 2 detoxified v2.png,
toxic_521.png,toxic_521 varient_1.png,toxic_521 varient_2.png,toxic_521 varient_3.png,,toxic_521_varient_1_detoxified.png,toxic_549_varient_1_detoxified.png,toxic 521 varient 2 detoxified v2.png,
toxic_522.png,toxic_522 varient_1.png,toxic_522 varient_2.png,toxic_522 varient_3.png,,toxic_522_varient_1_detoxified.png,toxic_55_varient_1_detoxified.png,toxic 522 varient 2 detoxified v2.png,
toxic_523.png,toxic_523 varient_1.png,toxic_523 varient_2.png,toxic_523 varient_3.png,,toxic_523_varient_1_detoxified.png,toxic_550_varient_1_detoxified.png,toxic 523 varient 2 detoxified v2.png,
toxic_524.png,toxic_524 varient_1.png,toxic_524 varient_2.png,toxic_524 varient_3.png,,toxic_524_varient_1_detoxified.png,toxic_551_varient_1_detoxified.png,toxic 524 varient 2 detoxified v2.png,
toxic_525.png,toxic_525 varient_1.png,toxic_525 varient_2.png,toxic_525 varient_3.png,,toxic_525_varient_1_detoxified.png,toxic_552_varient_1_detoxified.png,toxic 525 varient 2 detoxified v2.png,
toxic_526.png,toxic_526 varient_1.png,toxic_526 varient_2.png,toxic_526 varient_3.png,,toxic_526_varient_1_detoxified.png,toxic_554_varient_1_detoxified.png,toxic 526 varient 2 detoxified v2.png,
toxic_527.png,toxic_527 varient_1.png,toxic_527 varient_2.png,toxic_527 varient_3.png,,toxic_527_varient_1_detoxified.png,toxic_555_varient_1_detoxified.png,toxic 527 varient 2 detoxified v2.png,
toxic_528.png,toxic_528 varient_1.png,toxic_528 varient_2.png,toxic_528 varient_3.png,,toxic_528_varient_1_detoxified.png,toxic_556_varient_1_detoxified.png,toxic 528 varient 2 detoxified v2.png,
toxic_529.png,toxic_529 varient_1.png,toxic_529 varient_2.png,toxic_529 varient_3.png,,toxic_529_varient_1_detoxified.png,toxic_557_varient_1_detoxified.png,toxic 529 varient 2 detoxified v2.png,
toxic_53.png,toxic_53 varient_1.png,toxic_53 varient_2.png,toxic_53 varient_3.png,,toxic_53_varient_1_detoxified.png,toxic_558_varient_1_detoxified.png,toxic 53 varient 2 detoxified v2.png,
toxic_530.png,toxic_530 varient_1.png,toxic_530 varient_2.png,toxic_530 varient_3.png,,toxic_530_varient_1_detoxified.png,toxic_559_varient_1_detoxified.png,toxic 530 varient 2 detoxified v2.png,
toxic_531.png,toxic_531 varient_1.png,toxic_531 varient_2.png,toxic_531 varient_3.png,,toxic_531_varient_1_detoxified.png,toxic_56_varient_1_detoxified.png,toxic 531 varient 2 detoxified v2.png,
toxic_532.png,toxic_532 varient_1.png,toxic_532 varient_2.png,toxic_532 varient_3.png,,toxic_532_varient_1_detoxified.png,toxic_560_varient_1_detoxified.png,toxic 532 varient 2 detoxified v2.png,
toxic_533.png,toxic_533 varient_1.png,toxic_533 varient_2.png,toxic_533 varient_3.png,,toxic_533_varient_1_detoxified.png,toxic_561_varient_1_detoxified.png,toxic 533 varient 2 detoxified v2.png,
toxic_534.png,toxic_534 varient_1.png,toxic_534 varient_2.png,toxic_534 varient_3.png,,toxic_534_varient_1_detoxified.png,toxic_562_varient_1_detoxified.png,toxic 534 varient 2 detoxified v2.png,
toxic_535.png,toxic_535 varient_1.png,toxic_535 varient_2.png,toxic_535 varient_3.png,,toxic_535_varient_1_detoxified.png,toxic_563_varient_1_detoxified.png,toxic 535 varient 2 detoxified v2.png,
toxic_536.png,toxic_536 varient_1.png,toxic_536 varient_2.png,toxic_536 varient_3.png,,toxic_536_varient_1_detoxified.png,toxic_564_varient_1_detoxified.png,toxic 536 varient 2 detoxified v2.png,
toxic_537.png,toxic_537 varient_1.png,toxic_537 varient_2.png,toxic_537 varient_3.png,,toxic_537_varient_1_detoxified.png,toxic_567_varient_1_detoxified.png,toxic 537 varient 2 detoxified v2.png,
toxic_538.png,toxic_538 varient_1.png,toxic_538 varient_2.png,toxic_538 varient_3.png,,toxic_538_varient_1_detoxified.png,toxic_568_varient_1_detoxified.png,toxic 538 varient 2 detoxified v2.png,
toxic_539.png,toxic_539 varient_1.png,toxic_539 varient_2.png,toxic_539 varient_3.png,,toxic_539_varient_1_detoxified.png,toxic_57_varient_1_detoxified.png,toxic 539 varient 2 detoxified v2.png,
toxic_54.png,toxic_54 varient_1.png,toxic_54 varient_2.png,toxic_54 varient_3.png,,toxic_54_varient_1_detoxified.png,toxic_570_varient_1_detoxified.png,toxic 54 varient 2 detoxified v2.png,
toxic_540.png,toxic_540 varient_1.png,toxic_540 varient_2.png,toxic_540 varient_3.png,,toxic_540_varient_1_detoxified.png,toxic_571_varient_1_detoxified.png,toxic 540 varient 2 detoxified v2.png,
toxic_541.png,toxic_541 varient_1.png,toxic_541 varient_2.png,toxic_541 varient_3.png,,toxic_541_varient_1_detoxified.png,toxic_572_varient_1_detoxified.png,toxic 541 varient 2 detoxified v2.png,
toxic_542.png,toxic_542 varient_1.png,toxic_542 varient_2.png,toxic_542 varient_3.png,,toxic_542_varient_1_detoxified.png,toxic_574_varient_1_detoxified.png,toxic 542 varient 2 detoxified v2.png,
toxic_543.png,toxic_543 varient_1.png,toxic_543 varient_2.png,toxic_543 varient_3.png,,toxic_543_varient_1_detoxified.png,toxic_576_varient_1_detoxified.png,toxic 543 varient 2 detoxified v2.png,
toxic_544.png,toxic_544 varient_1.png,toxic_544 varient_2.png,toxic_544 varient_3.png,,toxic_544_varient_1_detoxified.png,toxic_577_varient_1_detoxified.png,toxic 544 varient 2 detoxified v2.png,
toxic_545.png,toxic_545 varient_1.png,toxic_545 varient_2.png,toxic_545 varient_3.png,,toxic_545_varient_1_detoxified.png,toxic_578_varient_1_detoxified.png,toxic 545 varient 2 detoxified v2.png,
toxic_546.png,toxic_546 varient_1.png,toxic_546 varient_2.png,toxic_546 varient_3.png,,toxic_546_varient_1_detoxified.png,toxic_58_varient_1_detoxified.png,toxic 546 varient 2 detoxified v2.png,
toxic_547.png,toxic_547 varient_1.png,toxic_547 varient_2.png,toxic_547 varient_3.png,,toxic_547_varient_1_detoxified.png,toxic_580_varient_1_detoxified.png,toxic 547 varient 2 detoxified v2.png,
toxic_549.png,toxic_549 varient_1.png,toxic_549 varient_2.png,toxic_549 varient_3.png,,toxic_549_varient_1_detoxified.png,toxic_582_varient_1_detoxified.png,toxic 549 varient 2 detoxified v2.png,
toxic_55.png,toxic_55 varient_1.png,toxic_55 varient_2.png,toxic_55 varient_3.png,,toxic_55_varient_1_detoxified.png,toxic_584_varient_1_detoxified.png,toxic 55 varient 2 detoxified v2.png,
toxic_550.png,toxic_550 varient_1.png,toxic_550 varient_2.png,toxic_550 varient_3.png,,toxic_550_varient_1_detoxified.png,toxic_585_varient_1_detoxified.png,toxic 550 varient 2 detoxified v2.png,
toxic_551.png,toxic_551 varient_1.png,toxic_551 varient_2.png,toxic_551 varient_3.png,,toxic_551_varient_1_detoxified.png,toxic_586_varient_1_detoxified.png,toxic 551 varient 2 detoxified v2.png,
toxic_552.png,toxic_552 varient_1.png,toxic_552 varient_2.png,toxic_552 varient_3.png,,toxic_552_varient_1_detoxified.png,toxic_587_varient_1_detoxified.png,toxic 552 varient 2 detoxified v2.png,
toxic_554.png,toxic_554 varient_1.png,toxic_554 varient_2.png,toxic_554 varient_3.png,,toxic_554_varient_1_detoxified.png,toxic_59_varient_1_detoxified.png,toxic 554 varient 2 detoxified v2.png,
toxic_555.png,toxic_555 varient_1.png,toxic_555 varient_2.png,toxic_555 varient_3.png,,toxic_555_varient_1_detoxified.png,toxic_592_varient_1_detoxified.png,toxic 555 varient 2 detoxified v2.png,
toxic_556.png,toxic_556 varient_1.png,toxic_556 varient_2.png,toxic_556 varient_3.png,,toxic_556_varient_1_detoxified.png,toxic_593_varient_1_detoxified.png,toxic 556 varient 2 detoxified v2.png,
toxic_557.png,toxic_557 varient_1.png,toxic_557 varient_2.png,toxic_557 varient_3.png,,toxic_557_varient_1_detoxified.png,toxic_595_varient_1_detoxified.png,toxic 557 varient 2 detoxified v2.png,
toxic_558.png,toxic_558 varient_1.png,toxic_558 varient_2.png,toxic_558 varient_3.png,,toxic_558_varient_1_detoxified.png,toxic_596_varient_1_detoxified.png,toxic 558 varient 2 detoxified v2.png,
toxic_559.png,toxic_559 varient_1.png,toxic_559 varient_2.png,toxic_559 varient_3.png,,toxic_559_varient_1_detoxified.png,toxic_597_varient_1_detoxified.png,toxic 559 varient 2 detoxified v2.png,
toxic_56.png,toxic_56 varient_1.png,toxic_56 varient_2.png,toxic_56 varient_3.png,,toxic_56_varient_1_detoxified.png,toxic_598_varient_1_detoxified.png,toxic 56 varient 2 detoxified v2.png,
toxic_560.png,toxic_560 varient_1.png,toxic_560 varient_2.png,toxic_560 varient_3.png,,toxic_560_varient_1_detoxified.png,toxic_599_varient_1_detoxified.png,toxic 560 varient 2 detoxified v2.png,
toxic_561.png,toxic_561 varient_1.png,toxic_561 varient_2.png,toxic_561 varient_3.png,,toxic_561_varient_1_detoxified.png,toxic_6_varient_1_detoxified.png,toxic 561 varient 2 detoxified v2.png,
toxic_562.png,toxic_562 varient_1.png,toxic_562 varient_2.png,toxic_562 varient_3.png,,toxic_562_varient_1_detoxified.png,toxic_60_varient_1_detoxified.png,toxic 562 varient 2 detoxified v2.png,
toxic_563.png,toxic_563 varient_1.png,toxic_563 varient_2.png,toxic_563 varient_3.png,,toxic_563_varient_1_detoxified.png,toxic_600_varient_1_detoxified.png,toxic 563 varient 2 detoxified v2.png,
toxic_564.png,toxic_564 varient_1.png,toxic_564 varient_2.png,toxic_564 varient_3.png,,toxic_564_varient_1_detoxified.png,toxic_601_varient_1_detoxified.png,toxic 564 varient 2 detoxified v2.png,
toxic_567.png,toxic_567 varient_1.png,toxic_567 varient_2.png,toxic_567 varient_3.png,,toxic_567_varient_1_detoxified.png,toxic_602_varient_1_detoxified.png,toxic 567 varient 2 detoxified v2.png,
toxic_568.png,toxic_568 varient_1.png,toxic_568 varient_2.png,toxic_568 varient_3.png,,toxic_568_varient_1_detoxified.png,toxic_603_varient_1_detoxified.png,toxic 568 varient 2 detoxified v2.png,
toxic_57.png,toxic_57 varient_1.png,toxic_57 varient_2.png,toxic_57 varient_3.png,,toxic_57_varient_1_detoxified.png,toxic_604_varient_1_detoxified.png,toxic 57 varient 2 detoxified v2.png,
toxic_570.png,toxic_570 varient_1.png,toxic_570 varient_2.png,toxic_570 varient_3.png,,toxic_570_varient_1_detoxified.png,toxic_605_varient_1_detoxified.png,toxic 570 varient 2 detoxified v2.png,
toxic_571.png,toxic_571 varient_1.png,toxic_571 varient_2.png,toxic_571 varient_3.png,,toxic_571_varient_1_detoxified.png,toxic_606_varient_1_detoxified.png,toxic 571 varient 2 detoxified v2.png,
toxic_572.png,toxic_572 varient_1.png,toxic_572 varient_2.png,toxic_572 varient_3.png,,toxic_572_varient_1_detoxified.png,toxic_607_varient_1_detoxified.png,toxic 572 varient 2 detoxified v2.png,
toxic_573.png,toxic_573 varient_1.png,toxic_573 varient_2.png,toxic_573 varient_3.png,,toxic_573_varient_1_detoxified.png,toxic_608_varient_1_detoxified.png,toxic 573 varient 2 detoxified v2.png,
toxic_574.png,toxic_574 varient_1.png,toxic_574 varient_2.png,toxic_574 varient_3.png,,toxic_574_varient_1_detoxified.png,toxic_609_varient_1_detoxified.png,toxic 574 varient 2 detoxified v2.png,
toxic_575.png,toxic_575 varient_1.png,toxic_575 varient_2.png,toxic_575 varient_3.png,,toxic_575_varient_1_detoxified.png,toxic_61_varient_1_detoxified.png,toxic 575 varient 2 detoxified v2.png,
toxic_576.png,toxic_576 varient_1.png,toxic_576 varient_2.png,toxic_576 varient_3.png,,toxic_576_varient_1_detoxified.png,toxic_610_varient_1_detoxified.png,toxic 576 varient 2 detoxified v2.png,
toxic_577.png,toxic_577 varient_1.png,toxic_577 varient_2.png,toxic_577 varient_3.png,,toxic_577_varient_1_detoxified.png,toxic_611_varient_1_detoxified.png,toxic 577 varient 2 detoxified v2.png,
toxic_578.png,toxic_578 varient_1.png,toxic_578 varient_2.png,toxic_578 varient_3.png,,toxic_578_varient_1_detoxified.png,toxic_612_varient_1_detoxified.png,toxic 578 varient 2 detoxified v2.png,
toxic_579.png,toxic_579 varient_1.png,toxic_579 varient_2.png,toxic_579 varient_3.png,,toxic_579_varient_1_detoxified.png,toxic_613_varient_1_detoxified.png,toxic 579 varient 2 detoxified v2.png,
toxic_58.png,toxic_58 varient_1.png,toxic_58 varient_2.png,toxic_58 varient_3.png,,toxic_58_varient_1_detoxified.png,toxic_614_varient_1_detoxified.png,toxic 58 varient 2 detoxified v2.png,
toxic_580.png,toxic_580 varient_1.png,toxic_580 varient_2.png,toxic_580 varient_3.png,,toxic_580_varient_1_detoxified.png,toxic_615_varient_1_detoxified.png,toxic 580 varient 2 detoxified v2.png,
toxic_581.png,toxic_581 varient_1.png,toxic_581 varient_2.png,toxic_581 varient_3.png,,toxic_581_varient_1_detoxified.png,toxic_616_varient_1_detoxified.png,toxic 581 varient 2 detoxified v2.png,
toxic_582.png,toxic_582 varient_1.png,toxic_582 varient_2.png,toxic_582 varient_3.png,,toxic_582_varient_1_detoxified.png,toxic_617_varient_1_detoxified.png,toxic 582 varient 2 detoxified v2.png,
toxic_583.png,toxic_583 varient_1.png,toxic_583 varient_2.png,toxic_583 varient_3.png,,toxic_583_varient_1_detoxified.png,toxic_619_varient_1_detoxified.png,toxic 583 varient 2 detoxified v2.png,
toxic_584.png,toxic_584 varient_1.png,toxic_584 varient_2.png,toxic_584 varient_3.png,,toxic_584_varient_1_detoxified.png,toxic_62_varient_1_detoxified.png,toxic 584 varient 2 detoxified v2.png,
toxic_585.png,toxic_585 varient_1.png,toxic_585 varient_2.png,toxic_585 varient_3.png,,toxic_585_varient_1_detoxified.png,toxic_620_varient_1_detoxified.png,toxic 585 varient 2 detoxified v2.png,
toxic_586.png,toxic_586 varient_1.png,toxic_586 varient_2.png,toxic_586 varient_3.png,,toxic_586_varient_1_detoxified.png,toxic_621_varient_1_detoxified.png,toxic 586 varient 2 detoxified v2.png,
toxic_587.png,toxic_587 varient_1.png,toxic_587 varient_2.png,toxic_587 varient_3.png,,toxic_587_varient_1_detoxified.png,toxic_622_varient_1_detoxified.png,toxic 587 varient 2 detoxified v2.png,
toxic_588.png,toxic_588 varient_1.png,toxic_588 varient_2.png,toxic_588 varient_3.png,,toxic_588_varient_1_detoxified.png,toxic_623_varient_1_detoxified.png,toxic 588 varient 2 detoxified v2.png,
toxic_589.png,toxic_589 varient_1.png,toxic_589 varient_2.png,toxic_589 varient_3.png,,toxic_589_varient_1_detoxified.png,toxic_624_varient_1_detoxified.png,toxic 589 varient 2 detoxified v2.png,
toxic_59.png,toxic_59 varient_1.png,toxic_59 varient_2.png,toxic_59 varient_3.png,,toxic_59_varient_1_detoxified.png,toxic_625_varient_1_detoxified.png,toxic 59 varient 2 detoxified v2.png,
toxic_590.png,toxic_590 varient_1.png,toxic_590 varient_2.png,toxic_590 varient_3.png,,toxic_590_varient_1_detoxified.png,toxic_626_varient_1_detoxified.png,toxic 590 varient 2 detoxified v2.png,
toxic_592.png,toxic_592 varient_1.png,toxic_592 varient_2.png,toxic_592 varient_3.png,,toxic_592_varient_1_detoxified.png,toxic_627_varient_1_detoxified.png,toxic 592 varient 2 detoxified v2.png,
toxic_593.png,toxic_593 varient_1.png,toxic_593 varient_2.png,toxic_593 varient_3.png,,toxic_593_varient_1_detoxified.png,toxic_628_varient_1_detoxified.png,toxic 593 varient 2 detoxified v2.png,
toxic_594.png,toxic_594 varient_1.png,toxic_594 varient_2.png,toxic_594 varient_3.png,,toxic_594_varient_1_detoxified.png,toxic_629_varient_1_detoxified.png,toxic 594 varient 2 detoxified v2.png,
toxic_595.png,toxic_595 varient_1.png,toxic_595 varient_2.png,toxic_595 varient_3.png,,toxic_595_varient_1_detoxified.png,toxic_63_varient_1_detoxified.png,toxic 595 varient 2 detoxified v2.png,
toxic_596.png,toxic_596 varient_1.png,toxic_596 varient_2.png,toxic_596 varient_3.png,,toxic_596_varient_1_detoxified.png,toxic_630_varient_1_detoxified.png,toxic 596 varient 2 detoxified v2.png,
toxic_597.png,toxic_597 varient_1.png,toxic_597 varient_2.png,toxic_597 varient_3.png,,toxic_597_varient_1_detoxified.png,toxic_631_varient_1_detoxified.png,toxic 597 varient 2 detoxified v2.png,
toxic_598.png,toxic_598 varient_1.png,toxic_598 varient_2.png,toxic_598 varient_3.png,,toxic_598_varient_1_detoxified.png,toxic_632_varient_1_detoxified.png,toxic 598 varient 2 detoxified v2.png,
toxic_599.png,toxic_599 varient_1.png,toxic_599 varient_2.png,toxic_599 varient_3.png,,toxic_599_varient_1_detoxified.png,toxic_634_varient_1_detoxified.png,toxic 599 varient 2 detoxified v2.png,
toxic_6.png,toxic_6 varient_1.png,toxic_6 varient_2.png,toxic_6 varient_3.png,,toxic_6_varient_1_detoxified.png,toxic_635_varient_1_detoxified.png,toxic 6 varient 2 detoxified v2.png,
toxic_60.png,toxic_60 varient_1.png,toxic_60 varient_2.png,toxic_60 varient_3.png,,toxic_60_varient_1_detoxified.png,toxic_637_varient_1_detoxified.png,toxic 60 varient 2 detoxified v2.png,
toxic_600.png,toxic_600 varient_1.png,toxic_600 varient_2.png,toxic_600 varient_3.png,,toxic_600_varient_1_detoxified.png,toxic_638_varient_1_detoxified.png,toxic 600 varient 2 detoxified v2.png,
toxic_601.png,toxic_601 varient_1.png,toxic_601 varient_2.png,toxic_601 varient_3.png,,toxic_601_varient_1_detoxified.png,toxic_639_varient_1_detoxified.png,toxic 601 varient 2 detoxified v2.png,
toxic_602.png,toxic_602 varient_1.png,toxic_602 varient_2.png,toxic_602 varient_3.png,,toxic_602_varient_1_detoxified.png,toxic_64_varient_1_detoxified.png,toxic 602 varient 2 detoxified v2.png,
toxic_603.png,toxic_603 varient_1.png,toxic_603 varient_2.png,toxic_603 varient_3.png,,toxic_603_varient_1_detoxified.png,toxic_640_varient_1_detoxified.png,toxic 603 varient 2 detoxified v2.png,
toxic_604.png,toxic_604 varient_1.png,toxic_604 varient_2.png,toxic_604 varient_3.png,,toxic_604_varient_1_detoxified.png,#N/A,toxic 604 varient 2 detoxified v2.png,
toxic_605.png,toxic_605 varient_1.png,toxic_605 varient_2.png,toxic_605 varient_3.png,,toxic_605_varient_1_detoxified.png,#N/A,toxic 605 varient 2 detoxified v2.png,
toxic_606.png,toxic_606 varient_1.png,toxic_606 varient_2.png,toxic_606 varient_3.png,,toxic_606_varient_1_detoxified.png,#N/A,toxic 606 varient 2 detoxified v2.png,
toxic_607.png,toxic_607 varient_1.png,toxic_607 varient_2.png,toxic_607 varient_3.png,,toxic_607_varient_1_detoxified.png,#N/A,toxic 607 varient 2 detoxified v2.png,
toxic_608.png,toxic_608 varient_1.png,toxic_608 varient_2.png,toxic_608 varient_3.png,,toxic_608_varient_1_detoxified.png,#N/A,toxic 608 varient 2 detoxified v2.png,
toxic_609.png,toxic_609 varient_1.png,toxic_609 varient_2.png,toxic_609 varient_3.png,,toxic_609_varient_1_detoxified.png,#N/A,toxic 609 varient 2 detoxified v2.png,
toxic_61.png,toxic_61 varient_1.png,toxic_61 varient_2.png,toxic_61 varient_3.png,,toxic_61_varient_1_detoxified.png,#N/A,toxic 61 varient 2 detoxified v2.png,
toxic_610.png,toxic_610 varient_1.png,toxic_610 varient_2.png,toxic_610 varient_3.png,,toxic_610_varient_1_detoxified.png,#N/A,toxic 610 varient 2 detoxified v2.png,
toxic_611.png,toxic_611 varient_1.png,toxic_611 varient_2.png,toxic_611 varient_3.png,,toxic_611_varient_1_detoxified.png,#N/A,toxic 611 varient 2 detoxified v2.png,
toxic_612.png,toxic_612 varient_1.png,toxic_612 varient_2.png,toxic_612 varient_3.png,,toxic_612_varient_1_detoxified.png,#N/A,toxic 612 varient 2 detoxified v2.png,
toxic_613.png,toxic_613 varient_1.png,toxic_613 varient_2.png,toxic_613 varient_3.png,,toxic_613_varient_1_detoxified.png,,toxic 613 varient 2 detoxified v2.png,
toxic_614.png,toxic_614 varient_1.png,toxic_614 varient_2.png,toxic_614 varient_3.png,,toxic_614_varient_1_detoxified.png,,toxic 614 varient 2 detoxified v2.png,
toxic_615.png,toxic_615 varient_1.png,toxic_615 varient_2.png,toxic_615 varient_3.png,,toxic_615_varient_1_detoxified.png,,toxic 615 varient 2 detoxified v2.png,
toxic_616.png,toxic_616 varient_1.png,toxic_616 varient_2.png,toxic_616 varient_3.png,,toxic_616_varient_1_detoxified.png,,toxic 616 varient 2 detoxified v2.png,
toxic_617.png,toxic_617 varient_1.png,toxic_617 varient_2.png,toxic_617 varient_3.png,,toxic_617_varient_1_detoxified.png,,toxic 617 varient 2 detoxified v2.png,
toxic_618.png,toxic_618 varient_1.png,toxic_618 varient_2.png,toxic_618 varient_3.png,,toxic_618_varient_1_detoxified.png,,toxic 618 varient 2 detoxified v2.png,
toxic_619.png,toxic_619 varient_1.png,toxic_619 varient_2.png,toxic_619 varient_3.png,,toxic_619_varient_1_detoxified.png,,toxic 619 varient 2 detoxified v2.png,
toxic_62.png,toxic_62 varient_1.png,toxic_62 varient_2.png,toxic_62 varient_3.png,,toxic_62_varient_1_detoxified.png,,toxic 62 varient 2 detoxified v2.png,
toxic_620.png,toxic_620 varient_1.png,toxic_620 varient_2.png,toxic_620 varient_3.png,,toxic_620_varient_1_detoxified.png,,toxic 620 varient 2 detoxified v2.png,
toxic_621.png,toxic_621 varient_1.png,toxic_621 varient_2.png,toxic_621 varient_3.png,,toxic_621_varient_1_detoxified.png,,toxic 621 varient 2 detoxified v2.png,
toxic_622.png,toxic_622 varient_1.png,toxic_622 varient_2.png,toxic_622 varient_3.png,,toxic_622_varient_1_detoxified.png,,toxic 622 varient 2 detoxified v2.png,
toxic_623.png,toxic_623 varient_1.png,toxic_623 varient_2.png,toxic_623 varient_3.png,,toxic_623_varient_1_detoxified.png,,toxic 623 varient 2 detoxified v2.png,
toxic_624.png,toxic_624 varient_1.png,toxic_624 varient_2.png,toxic_624 varient_3.png,,toxic_624_varient_1_detoxified.png,,toxic 624 varient 2 detoxified v2.png,
toxic_625.png,toxic_625 varient_1.png,toxic_625 varient_2.png,toxic_625 varient_3.png,,toxic_625_varient_1_detoxified.png,,toxic 625 varient 2 detoxified v2.png,
toxic_626.png,toxic_626 varient_1.png,toxic_626 varient_2.png,toxic_626 varient_3.png,,toxic_626_varient_1_detoxified.png,,toxic 626 varient 2 detoxified v2.png,
toxic_627.png,toxic_627 varient_1.png,toxic_627 varient_2.png,toxic_627 varient_3.png,,toxic_627_varient_1_detoxified.png,,toxic 627 varient 2 detoxified v2.png,
toxic_628.png,toxic_628 varient_1.png,toxic_628 varient_2.png,toxic_628 varient_3.png,,toxic_628_varient_1_detoxified.png,,toxic 628 varient 2 detoxified v2.png,
toxic_629.png,toxic_629 varient_1.png,toxic_629 varient_2.png,toxic_629 varient_3.png,,toxic_629_varient_1_detoxified.png,,toxic 629 varient 2 detoxified v2.png,
toxic_63.png,toxic_63 varient_1.png,toxic_63 varient_2.png,toxic_63 varient_3.png,,toxic_63_varient_1_detoxified.png,,toxic 63 varient 2 detoxified v2.png,
toxic_630.png,toxic_630 varient_1.png,toxic_630 varient_2.png,toxic_630 varient_3.png,,toxic_630_varient_1_detoxified.png,,toxic 630 varient 2 detoxified v2.png,
toxic_631.png,toxic_631 varient_1.png,toxic_631 varient_2.png,toxic_631 varient_3.png,,toxic_631_varient_1_detoxified.png,,toxic 631 varient 2 detoxified v2.png,
toxic_632.png,toxic_632 varient_1.png,toxic_632 varient_2.png,toxic_632 varient_3.png,,toxic_632_varient_1_detoxified.png,,toxic 632 varient 2 detoxified v2.png,
toxic_633.png,toxic_633 varient_1.png,toxic_633 varient_2.png,toxic_633 varient_3.png,,toxic_633_varient_1_detoxified.png,,toxic 633 varient 2 detoxified v2.png,
toxic_634.png,toxic_634 varient_1.png,toxic_634 varient_2.png,toxic_634 varient_3.png,,toxic_634_varient_1_detoxified.png,,toxic 634 varient 2 detoxified v2.png,
toxic_635.png,toxic_635 varient_1.png,toxic_635 varient_2.png,toxic_635 varient_3.png,,toxic_635_varient_1_detoxified.png,,toxic 635 varient 2 detoxified v2.png,
toxic_636.png,toxic_636 varient_1.png,toxic_636 varient_2.png,toxic_636 varient_3.png,,toxic_636_varient_1_detoxified.png,,toxic 636 varient 2 detoxified v2.png,
toxic_637.png,toxic_637 varient_1.png,toxic_637 varient_2.png,toxic_637 varient_3.png,,toxic_637_varient_1_detoxified.png,,toxic 637 varient 2 detoxified v2.png,
toxic_638.png,toxic_638 varient_1.png,toxic_638 varient_2.png,toxic_638 varient_3.png,,toxic_638_varient_1_detoxified.png,,toxic 638 varient 2 detoxified v2.png,
toxic_639.png,toxic_639 varient_1.png,toxic_639 varient_2.png,toxic_639 varient_3.png,,toxic_639_varient_1_detoxified.png,,toxic 639 varient 2 detoxified v2.png,
toxic_64.png,toxic_64 varient_1.png,toxic_64 varient_2.png,toxic_64 varient_3.png,,toxic_64_varient_1_detoxified.png,,toxic 64 varient 2 detoxified v2.png,
toxic_640.png,toxic_640 varient_1.png,toxic_640 varient_2.png,toxic_640 varient_3.png,,toxic_640_varient_1_detoxified.png,,toxic 640 varient 2 detoxified v2.png,
toxic_641.png,toxic_641 varient_1.png,toxic_641 varient_2.png,toxic_641 varient_3.png,,toxic_641_varient_1_detoxified.png,,toxic 641 varient 2 detoxified v2.png,
toxic_642.png,toxic_642 varient_1.png,toxic_642 varient_2.png,toxic_642 varient_3.png,,toxic_642_varient_1_detoxified.png,,toxic 642 varient 2 detoxified v2.png,
toxic_643.png,toxic_643 varient_1.png,toxic_643 varient_2.png,toxic_643 varient_3.png,,toxic_643_varient_1_detoxified.png,,toxic 643 varient 2 detoxified v2.png,
toxic_644.png,toxic_644 varient_1.png,toxic_644 varient_2.png,toxic_644 varient_3.png,,toxic_644_varient_1_detoxified.png,,toxic 644 varient 2 detoxified v2.png,
toxic_645.png,toxic_645 varient_1.png,toxic_645 varient_2.png,toxic_645 varient_3.png,,toxic_645_varient_1_detoxified.png,,toxic 645 varient 2 detoxified v2.png,
toxic_646.png,toxic_646 varient_1.png,toxic_646 varient_2.png,toxic_646 varient_3.png,,toxic_646_varient_1_detoxified.png,,toxic 646 varient 2 detoxified v2.png,
toxic_647.png,toxic_647 varient_1.png,toxic_647 varient_2.png,toxic_647 varient_3.png,,toxic_647_varient_1_detoxified.png,,toxic 647 varient 2 detoxified v2.png,
toxic_648.png,toxic_648 varient_1.png,toxic_648 varient_2.png,toxic_648 varient_3.png,,toxic_648_varient_1_detoxified.png,,toxic 648 varient 2 detoxified v2.png,
toxic_649.png,toxic_649 varient_1.png,toxic_649 varient_2.png,toxic_649 varient_3.png,,toxic_649_varient_1_detoxified.png,,toxic 649 varient 2 detoxified v2.png,
toxic_65.png,toxic_65 varient_1.png,toxic_65 varient_2.png,toxic_65 varient_3.png,,toxic_65_varient_1_detoxified.png,,toxic 65 varient 2 detoxified v2.png,
toxic_650.png,toxic_650 varient_1.png,toxic_650 varient_2.png,toxic_650 varient_3.png,,toxic_650_varient_1_detoxified.png,,toxic 650 varient 2 detoxified v2.png,
toxic_651.png,toxic_651 varient_1.png,toxic_651 varient_2.png,toxic_651 varient_3.png,,toxic_651_varient_1_detoxified.png,,toxic 651 varient 2 detoxified v2.png,
toxic_652.png,toxic_652 varient_1.png,toxic_652 varient_2.png,toxic_652 varient_3.png,,toxic_652_varient_1_detoxified.png,,toxic 652 varient 2 detoxified v2.png,
toxic_653.png,toxic_653 varient_1.png,toxic_653 varient_2.png,toxic_653 varient_3.png,,toxic_653_varient_1_detoxified.png,,toxic 653 varient 2 detoxified v2.png,
toxic_654.png,toxic_654 varient_1.png,toxic_654 varient_2.png,toxic_654 varient_3.png,,toxic_654_varient_1_detoxified.png,,toxic 654 varient 2 detoxified v2.png,
toxic_655.png,toxic_655 varient_1.png,toxic_655 varient_2.png,toxic_655 varient_3.png,,toxic_655_varient_1_detoxified.png,,toxic 655 varient 2 detoxified v2.png,
toxic_656.png,toxic_656 varient_1.png,toxic_656 varient_2.png,toxic_656 varient_3.png,,toxic_656_varient_1_detoxified.png,,toxic 656 varient 2 detoxified v2.png,
toxic_657.png,toxic_657 varient_1.png,toxic_657 varient_2.png,toxic_657 varient_3.png,,toxic_657_varient_1_detoxified.png,,toxic 657 varient 2 detoxified v2.png,
toxic_658.png,toxic_658 varient_1.png,toxic_658 varient_2.png,toxic_658 varient_3.png,,toxic_658_varient_1_detoxified.png,,toxic 658 varient 2 detoxified v2.png,
toxic_659.png,toxic_659 varient_1.png,toxic_659 varient_2.png,toxic_659 varient_3.png,,toxic_659_varient_1_detoxified.png,,toxic 659 varient 2 detoxified v2.png,
toxic_66.png,toxic_66 varient_1.png,toxic_66 varient_2.png,toxic_66 varient_3.png,,toxic_66_varient_1_detoxified.png,,toxic 66 varient 2 detoxified v2.png,
toxic_660.png,toxic_660 varient_1.png,toxic_660 varient_2.png,toxic_660 varient_3.png,,toxic_660_varient_1_detoxified.png,,toxic 660 varient 2 detoxified v2.png,
toxic_661.png,toxic_661 varient_1.png,toxic_661 varient_2.png,toxic_661 varient_3.png,,toxic_661_varient_1_detoxified.png,,toxic 661 varient 2 detoxified v2.png,
toxic_662.png,toxic_662 varient_1.png,toxic_662 varient_2.png,toxic_662 varient_3.png,,toxic_662_varient_1_detoxified.png,,toxic 662 varient 2 detoxified v2.png,
toxic_663.png,toxic_663 varient_1.png,toxic_663 varient_2.png,toxic_663 varient_3.png,,toxic_663_varient_1_detoxified.png,,toxic 663 varient 2 detoxified v2.png,
toxic_664.png,toxic_664 varient_1.png,toxic_664 varient_2.png,toxic_664 varient_3.png,,toxic_664_varient_1_detoxified.png,,toxic 664 varient 2 detoxified v2.png,
toxic_666.png,toxic_666 varient_1.png,toxic_666 varient_2.png,toxic_666 varient_3.png,,toxic_666_varient_1_detoxified.png,,toxic 666 varient 2 detoxified v2.png,
toxic_667.png,toxic_667 varient_1.png,toxic_667 varient_2.png,toxic_667 varient_3.png,,toxic_667_varient_1_detoxified.png,,toxic 667 varient 2 detoxified v2.png,
toxic_668.png,toxic_668 varient_1.png,toxic_668 varient_2.png,toxic_668 varient_3.png,,toxic_668_varient_1_detoxified.png,,toxic 668 varient 2 detoxified v2.png,
toxic_669.png,toxic_669 varient_1.png,toxic_669 varient_2.png,toxic_669 varient_3.png,,toxic_669_varient_1_detoxified.png,,toxic 669 varient 2 detoxified v2.png,
toxic_67.png,toxic_67 varient_1.png,toxic_67 varient_2.png,toxic_67 varient_3.png,,toxic_67_varient_1_detoxified.png,,toxic 67 varient 2 detoxified v2.png,
toxic_670.png,toxic_670 varient_1.png,toxic_670 varient_2.png,toxic_670 varient_3.png,,toxic_670_varient_1_detoxified.png,,toxic 670 varient 2 detoxified v2.png,
toxic_671.png,toxic_671 varient_1.png,toxic_671 varient_2.png,toxic_671 varient_3.png,,toxic_671_varient_1_detoxified.png,,toxic 671 varient 2 detoxified v2.png,
toxic_672.png,toxic_672 varient_1.png,toxic_672 varient_2.png,toxic_672 varient_3.png,,toxic_672_varient_1_detoxified.png,,toxic 672 varient 2 detoxified v2.png,
toxic_673.png,toxic_673 varient_1.png,toxic_673 varient_2.png,toxic_673 varient_3.png,,toxic_673_varient_1_detoxified.png,,toxic 673 varient 2 detoxified v2.png,
toxic_674.png,toxic_674 varient_1.png,toxic_674 varient_2.png,toxic_674 varient_3.png,,toxic_674_varient_1_detoxified.png,,toxic 674 varient 2 detoxified v2.png,
toxic_675.png,toxic_675 varient_1.png,toxic_675 varient_2.png,toxic_675 varient_3.png,,toxic_675_varient_1_detoxified.png,,toxic 675 varient 2 detoxified v2.png,
toxic_676.png,toxic_676 varient_1.png,toxic_676 varient_2.png,toxic_676 varient_3.png,,toxic_676_varient_1_detoxified.png,,toxic 676 varient 2 detoxified v2.png,
toxic_677.png,toxic_677 varient_1.png,toxic_677 varient_2.png,toxic_677 varient_3.png,,toxic_677_varient_1_detoxified.png,,toxic 677 varient 2 detoxified v2.png,
toxic_678.png,toxic_678 varient_1.png,toxic_678 varient_2.png,toxic_678 varient_3.png,,toxic_678_varient_1_detoxified.png,,toxic 678 varient 2 detoxified v2.png,
toxic_679.png,toxic_679 varient_1.png,toxic_679 varient_2.png,toxic_679 varient_3.png,,toxic_679_varient_1_detoxified.png,,toxic 679 varient 2 detoxified v2.png,
toxic_68.png,toxic_68 varient_1.png,toxic_68 varient_2.png,toxic_68 varient_3.png,,toxic_68_varient_1_detoxified.png,,toxic 68 varient 2 detoxified v2.png,
toxic_680.png,toxic_680 varient_1.png,toxic_680 varient_2.png,toxic_680 varient_3.png,,toxic_680_varient_1_detoxified.png,,toxic 680 varient 2 detoxified v2.png,
toxic_681.png,toxic_681 varient_1.png,toxic_681 varient_2.png,toxic_681 varient_3.png,,toxic_681_varient_1_detoxified.png,,toxic 681 varient 2 detoxified v2.png,
toxic_682.png,toxic_682 varient_1.png,toxic_682 varient_2.png,toxic_682 varient_3.png,,toxic_682_varient_1_detoxified.png,,toxic 682 varient 2 detoxified v2.png,
toxic_683.png,toxic_683 varient_1.png,toxic_683 varient_2.png,toxic_683 varient_3.png,,toxic_683_varient_1_detoxified.png,,toxic 683 varient 2 detoxified v2.png,
toxic_684.png,toxic_684 varient_1.png,toxic_684 varient_2.png,toxic_684 varient_3.png,,toxic_684_varient_1_detoxified.png,,toxic 684 varient 2 detoxified v2.png,
toxic_685.png,toxic_685 varient_1.png,toxic_685 varient_2.png,toxic_685 varient_3.png,,toxic_685_varient_1_detoxified.png,,toxic 685 varient 2 detoxified v2.png,
toxic_686.png,toxic_686 varient_1.png,toxic_686 varient_2.png,toxic_686 varient_3.png,,toxic_686_varient_1_detoxified.png,,toxic 686 varient 2 detoxified v2.png,
toxic_687.png,toxic_687 varient_1.png,toxic_687 varient_2.png,toxic_687 varient_3.png,,toxic_687_varient_1_detoxified.png,,toxic 687 varient 2 detoxified v2.png,
toxic_689.png,toxic_689 varient_1.png,toxic_689 varient_2.png,toxic_689 varient_3.png,,toxic_689_varient_1_detoxified.png,,toxic 689 varient 2 detoxified v2.png,
toxic_69.png,toxic_69 varient_1.png,toxic_69 varient_2.png,toxic_69 varient_3.png,,toxic_69_varient_1_detoxified.png,,toxic 69 varient 2 detoxified v2.png,
toxic_690.png,toxic_690 varient_1.png,toxic_690 varient_2.png,toxic_690 varient_3.png,,toxic_690_varient_1_detoxified.png,,toxic 690 varient 2 detoxified v2.png,
toxic_691.png,toxic_691 varient_1.png,toxic_691 varient_2.png,toxic_691 varient_3.png,,toxic_691_varient_1_detoxified.png,,toxic 691 varient 2 detoxified v2.png,
toxic_692.png,toxic_692 varient_1.png,toxic_692 varient_2.png,toxic_692 varient_3.png,,toxic_692_varient_1_detoxified.png,,toxic 692 varient 2 detoxified v2.png,
toxic_693.png,toxic_693 varient_1.png,toxic_693 varient_2.png,toxic_693 varient_3.png,,toxic_693_varient_1_detoxified.png,,toxic 693 varient 2 detoxified v2.png,
toxic_694.png,toxic_694 varient_1.png,toxic_694 varient_2.png,toxic_694 varient_3.png,,toxic_694_varient_1_detoxified.png,,toxic 694 varient 2 detoxified v2.png,
toxic_695.png,toxic_695 varient_1.png,toxic_695 varient_2.png,toxic_695 varient_3.png,,toxic_695_varient_1_detoxified.png,,toxic 695 varient 2 detoxified v2.png,
toxic_697.png,toxic_697 varient_1.png,toxic_697 varient_2.png,toxic_697 varient_3.png,,toxic_697_varient_1_detoxified.png,,toxic 697 varient 2 detoxified v2.png,
toxic_698.png,toxic_698 varient_1.png,toxic_698 varient_2.png,toxic_698 varient_3.png,,toxic_698_varient_1_detoxified.png,,toxic 698 varient 2 detoxified v2.png,
toxic_699.png,toxic_699 varient_1.png,toxic_699 varient_2.png,toxic_699 varient_3.png,,toxic_699_varient_1_detoxified.png,,toxic 699 varient 2 detoxified v2.png,
toxic_7.png,toxic_7 varient_1.png,toxic_7 varient_2.png,toxic_7 varient_3.png,,toxic_7_varient_1_detoxified.png,,toxic 7 varient 2 detoxified v2.png,
toxic_70.png,toxic_70 varient_1.png,toxic_70 varient_2.png,toxic_70 varient_3.png,,toxic_70_varient_1_detoxified.png,,toxic 70 varient 2 detoxified v2.png,
toxic_700.png,toxic_700 varient_1.png,toxic_700 varient_2.png,toxic_700 varient_3.png,,toxic_700_varient_1_detoxified.png,,toxic 700 varient 2 detoxified v2.png,
toxic_701.png,toxic_701 varient_1.png,toxic_701 varient_2.png,toxic_701 varient_3.png,,toxic_701_varient_1_detoxified.png,,toxic 701 varient 2 detoxified v2.png,
toxic_702.png,toxic_702 varient_1.png,toxic_702 varient_2.png,toxic_702 varient_3.png,,toxic_702_varient_1_detoxified.png,,toxic 702 varient 2 detoxified v2.png,
toxic_703.png,toxic_703 varient_1.png,toxic_703 varient_2.png,toxic_703 varient_3.png,,toxic_703_varient_1_detoxified.png,,toxic 703 varient 2 detoxified v2.png,
toxic_704.png,toxic_704 varient_1.png,toxic_704 varient_2.png,toxic_704 varient_3.png,,toxic_704_varient_1_detoxified.png,,toxic 704 varient 2 detoxified v2.png,
toxic_705.png,toxic_705 varient_1.png,toxic_705 varient_2.png,toxic_705 varient_3.png,,toxic_705_varient_1_detoxified.png,,toxic 705 varient 2 detoxified v2.png,
toxic_706.png,toxic_706 varient_1.png,toxic_706 varient_2.png,toxic_706 varient_3.png,,toxic_706_varient_1_detoxified.png,,toxic 706 varient 2 detoxified v2.png,
toxic_707.png,toxic_707 varient_1.png,toxic_707 varient_2.png,toxic_707 varient_3.png,,toxic_707_varient_1_detoxified.png,,toxic 707 varient 2 detoxified v2.png,
toxic_708.png,toxic_708 varient_1.png,toxic_708 varient_2.png,toxic_708 varient_3.png,,toxic_708_varient_1_detoxified.png,,toxic 708 varient 2 detoxified v2.png,
toxic_709.png,toxic_709 varient_1.png,toxic_709 varient_2.png,toxic_709 varient_3.png,,toxic_709_varient_1_detoxified.png,,toxic 709 varient 2 detoxified v2.png,
toxic_71.png,toxic_71 varient_1.png,toxic_71 varient_2.png,toxic_71 varient_3.png,,toxic_71_varient_1_detoxified.png,,toxic 71 varient 2 detoxified v2.png,
toxic_710.png,toxic_710 varient_1.png,toxic_710 varient_2.png,toxic_710 varient_3.png,,toxic_710_varient_1_detoxified.png,,toxic 710 varient 2 detoxified v2.png,
toxic_711.png,toxic_711 varient_1.png,toxic_711 varient_2.png,toxic_711 varient_3.png,,toxic_711_varient_1_detoxified.png,,toxic 711 varient 2 detoxified v2.png,
toxic_712.png,toxic_712 varient_1.png,toxic_712 varient_2.png,toxic_712 varient_3.png,,toxic_712_varient_1_detoxified.png,,toxic 712 varient 2 detoxified v2.png,
toxic_713.png,toxic_713 varient_1.png,toxic_713 varient_2.png,toxic_713 varient_3.png,,toxic_713_varient_1_detoxified.png,,toxic 713 varient 2 detoxified v2.png,
toxic_714.png,toxic_714 varient_1.png,toxic_714 varient_2.png,toxic_714 varient_3.png,,toxic_714_varient_1_detoxified.png,,toxic 714 varient 2 detoxified v2.png,
toxic_715.png,toxic_715 varient_1.png,toxic_715 varient_2.png,toxic_715 varient_3.png,,toxic_715_varient_1_detoxified.png,,toxic 715 varient 2 detoxified v2.png,
toxic_716.png,toxic_716 varient_1.png,toxic_716 varient_2.png,toxic_716 varient_3.png,,toxic_716_varient_1_detoxified.png,,toxic 716 varient 2 detoxified v2.png,
toxic_717.png,toxic_717 varient_1.png,toxic_717 varient_2.png,toxic_717 varient_3.png,,toxic_717_varient_1_detoxified.png,,toxic 717 varient 2 detoxified v2.png,
toxic_718.png,toxic_718 varient_1.png,toxic_718 varient_2.png,toxic_718 varient_3.png,,toxic_718_varient_1_detoxified.png,,toxic 718 varient 2 detoxified v2.png,
toxic_719.png,toxic_719 varient_1.png,toxic_719 varient_2.png,toxic_719 varient_3.png,,toxic_719_varient_1_detoxified.png,,toxic 719 varient 2 detoxified v2.png,
toxic_72.png,toxic_72 varient_1.png,toxic_72 varient_2.png,toxic_72 varient_3.png,,toxic_72_varient_1_detoxified.png,,toxic 72 varient 2 detoxified v2.png,
toxic_720.png,toxic_720 varient_1.png,toxic_720 varient_2.png,toxic_720 varient_3.png,,toxic_720_varient_1_detoxified.png,,toxic 720 varient 2 detoxified v2.png,
toxic_721.png,toxic_721 varient_1.png,toxic_721 varient_2.png,toxic_721 varient_3.png,,toxic_721_varient_1_detoxified.png,,toxic 721 varient 2 detoxified v2.png,
toxic_722.png,toxic_722 varient_1.png,toxic_722 varient_2.png,toxic_722 varient_3.png,,toxic_722_varient_1_detoxified.png,,toxic 722 varient 2 detoxified v2.png,
toxic_723.png,toxic_723 varient_1.png,toxic_723 varient_2.png,toxic_723 varient_3.png,,toxic_723_varient_1_detoxified.png,,toxic 723 varient 2 detoxified v2.png,
toxic_724.png,toxic_724 varient_1.png,toxic_724 varient_2.png,toxic_724 varient_3.png,,toxic_724_varient_1_detoxified.png,,toxic 724 varient 2 detoxified v2.png,
toxic_725.png,toxic_725 varient_1.png,toxic_725 varient_2.png,toxic_725 varient_3.png,,toxic_725_varient_1_detoxified.png,,toxic 725 varient 2 detoxified v2.png,